StartingProcessName,Title,StartTime,EndTime,ElapsedTime,Status,CreatedBy,CreatedDate,ModifiedBy,ModifiedDate
RT_TC_409787,"RT_TC_409787 - January 11, 2026 21:17:30",01-11-2026 21:17,01-11-2026 22:01,2596.716,passed,WorksoftCertifyAgent,01-11-2026 21:18,WorksoftCertifyAgent,01-11-2026 22:01
RT_TC_366946,"RT_TC_366946 - January 11, 2026 16:56:06",01-11-2026 16:56,01-11-2026 17:07,647.7997,passed,WorksoftCertifyAgent,01-11-2026 16:56,WorksoftCertifyAgent,01-11-2026 17:07
RT_TC_366945,"RT_TC_366945 - January 11, 2026 11:52:56",01-11-2026 11:53,01-11-2026 12:01,518.3073,failed,WorksoftCertifyAgent,01-11-2026 11:53,WorksoftCertifyAgent,01-11-2026 12:02
RT_TC_366945,"RT_TC_366945 - January 11, 2026 12:02:35",01-11-2026 12:02,01-11-2026 12:14,723.4781,passed,WorksoftCertifyAgent,01-11-2026 12:03,WorksoftCertifyAgent,01-11-2026 12:15
RT_TC_364246,"RT_TC_364246 - January 12, 2026 05:33:13",01-12-2026 05:33,01-12-2026 05:41,474.5921,passed,WorksoftCertifyAgent,01-12-2026 05:34,WorksoftCertifyAgent,01-12-2026 05:41
RT_TC_359203,"RT_TC_359203 - January 13, 2026 13:51:45",1/13/2026 13:52:02,1/13/2026 13:58:41,399.3752,passed,WorksoftCertifyAgent,1/13/2026 13:52:00,WorksoftCertifyAgent,1/13/2026 13:59:00
RT_TC_359203,"RT_TC_359203 - January 11, 2026 14:49:06",01-11-2026 14:49,01-11-2026 14:53,254.8059,failed,WorksoftCertifyAgent,01-11-2026 14:49,WorksoftCertifyAgent,01-11-2026 14:54
RT_TC_359203,"RT_TC_359203 - January 11, 2026 14:54:36",01-11-2026 14:54,01-11-2026 14:59,252.7047,failed,WorksoftCertifyAgent,01-11-2026 14:55,WorksoftCertifyAgent,01-11-2026 14:59
RT_TC_359201,"RT_TC_359201 - January 11, 2026 18:48:30",01-11-2026 18:48,01-11-2026 19:02,796.9753,passed,WorksoftCertifyAgent,01-11-2026 18:49,WorksoftCertifyAgent,01-11-2026 19:02
RT_TC_358572,"RT_TC_358572 - January 12, 2026 00:50:57",01-12-2026 00:51,01-12-2026 01:20,1743.6053,failed,WorksoftCertifyAgent,01-12-2026 00:51,WorksoftCertifyAgent,01-12-2026 01:20
RT_TC_358572,"RT_TC_358572 - January 12, 2026 01:21:06",01-12-2026 01:21,01-12-2026 01:50,1738.6558,failed,WorksoftCertifyAgent,01-12-2026 01:21,WorksoftCertifyAgent,01-12-2026 01:50
RT_TC_358129,"RT_TC_358129 - January 11, 2026 23:27:00",01-11-2026 23:27,01-11-2026 23:55,1671.5643,failed,WorksoftCertifyAgent,01-11-2026 23:27,WorksoftCertifyAgent,01-11-2026 23:55
RT_TC_358129,"RT_TC_358129 - January 11, 2026 23:56:05",01-11-2026 23:56,01-12-2026 00:23,1616.4786,passed,WorksoftCertifyAgent,01-11-2026 23:56,WorksoftCertifyAgent,01-12-2026 00:23
RT_TC_358121,"RT_TC_358121 - January 15, 2026 01:23:37",1/15/2026 1:23:55,1/15/2026 1:47:05,1389.983,passed,WorksoftCertifyAgent,1/15/2026 1:24:00,WorksoftCertifyAgent,1/15/2026 1:47:00
RT_TC_358121,"RT_TC_358121 - January 12, 2026 04:22:43",01-12-2026 04:23,01-12-2026 04:24,67.6385,failed,WorksoftCertifyAgent,01-12-2026 04:23,WorksoftCertifyAgent,01-12-2026 04:24
RT_TC_358121,"RT_TC_358121 - January 12, 2026 04:25:06",01-12-2026 04:25,01-12-2026 04:26,67.4316,failed,WorksoftCertifyAgent,01-12-2026 04:25,WorksoftCertifyAgent,01-12-2026 04:27
RT_TC_357072,"RT_TC_357072 - January 13, 2026 13:07:35",1/13/2026 13:07:53,1/13/2026 13:27:24,1170.798,passed,WorksoftCertifyAgent,1/13/2026 13:08:00,WorksoftCertifyAgent,1/13/2026 13:27:00
RT_TC_357072,"RT_TC_357072 - January 11, 2026 13:31:52",01-11-2026 13:32,01-11-2026 13:39,444.3524,failed,WorksoftCertifyAgent,01-11-2026 13:32,WorksoftCertifyAgent,01-11-2026 13:40
RT_TC_357072,"RT_TC_357072 - January 11, 2026 13:40:36",01-11-2026 13:40,01-11-2026 13:48,442.067,failed,WorksoftCertifyAgent,01-11-2026 13:41,WorksoftCertifyAgent,01-11-2026 13:48
RT_TC_357029,"RT_TC_357029 - January 11, 2026 14:07:46",01-11-2026 14:08,01-11-2026 14:21,800.0023,failed,WorksoftCertifyAgent,01-11-2026 14:08,WorksoftCertifyAgent,01-11-2026 14:21
RT_TC_357029,"RT_TC_357029 - January 11, 2026 14:22:06",01-11-2026 14:22,01-11-2026 14:35,802.0598,failed,WorksoftCertifyAgent,01-11-2026 14:22,WorksoftCertifyAgent,01-11-2026 14:36
RT_TC_357027,"RT_TC_357027 - January 11, 2026 13:46:21",01-11-2026 13:46,01-11-2026 14:07,1232.2479,passed,WorksoftCertifyAgent,01-11-2026 13:47,WorksoftCertifyAgent,01-11-2026 14:07
RT_TC_357026,"RT_TC_357026 - January 11, 2026 16:07:12",01-11-2026 16:07,01-11-2026 16:16,561.2508,passed,WorksoftCertifyAgent,01-11-2026 16:07,WorksoftCertifyAgent,01-11-2026 16:17
RT_TC_357022,"RT_TC_357022 - January 11, 2026 20:42:06",01-11-2026 20:42,01-11-2026 21:37,3295.3259,failed,WorksoftCertifyAgent,01-11-2026 20:42,WorksoftCertifyAgent,01-11-2026 21:37
RT_TC_357022,"RT_TC_357022 - January 11, 2026 21:38:06",01-11-2026 21:38,01-11-2026 22:33,3298.0106,failed,WorksoftCertifyAgent,01-11-2026 21:38,WorksoftCertifyAgent,01-11-2026 22:33
RT_TC_357013,"RT_TC_357013 - January 11, 2026 20:16:41",01-11-2026 20:16,01-11-2026 20:26,591.9509,passed,WorksoftCertifyAgent,01-11-2026 20:17,WorksoftCertifyAgent,01-11-2026 20:27
RT_TC_357010_357011,"RT_TC_357010_357011 - January 11, 2026 17:34:54",01-11-2026 17:35,01-11-2026 17:44,531.0464,failed,WorksoftCertifyAgent,01-11-2026 17:35,WorksoftCertifyAgent,01-11-2026 17:44
RT_TC_357010_357011,"RT_TC_357010_357011 - January 11, 2026 17:45:05",01-11-2026 17:45,01-11-2026 17:54,524.5528,failed,WorksoftCertifyAgent,01-11-2026 17:45,WorksoftCertifyAgent,01-11-2026 17:54
RT_TC_357003_357009,"RT_TC_357003_357009 - January 11, 2026 17:13:19",01-11-2026 17:13,01-11-2026 17:34,1239.6675,passed,WorksoftCertifyAgent,01-11-2026 17:14,WorksoftCertifyAgent,01-11-2026 17:34
RT_TC_355048,"RT_TC_355048 - January 11, 2026 19:41:41",01-11-2026 19:41,01-11-2026 19:51,595.1413,failed,WorksoftCertifyAgent,01-11-2026 19:42,WorksoftCertifyAgent,01-11-2026 19:52
RT_TC_355048,"RT_TC_355048 - January 11, 2026 19:52:35",01-11-2026 19:52,01-11-2026 20:02,567.2106,failed,WorksoftCertifyAgent,01-11-2026 19:53,WorksoftCertifyAgent,01-11-2026 20:02
RT_TC_355044,"RT_TC_355044 - January 11, 2026 17:46:03",01-11-2026 17:46,01-11-2026 18:16,1787.3583,failed,WorksoftCertifyAgent,01-11-2026 17:46,WorksoftCertifyAgent,01-11-2026 18:16
RT_TC_355044,"RT_TC_355044 - January 11, 2026 18:17:07",01-11-2026 18:17,01-11-2026 18:47,1819.1738,failed,WorksoftCertifyAgent,01-11-2026 18:17,WorksoftCertifyAgent,01-11-2026 18:48
RT_TC_354004,"RT_TC_354004 - January 11, 2026 23:17:51",01-11-2026 23:18,01-11-2026 23:32,835.2589,passed,WorksoftCertifyAgent,01-11-2026 23:18,WorksoftCertifyAgent,01-11-2026 23:32
RT_TC_354003,"RT_TC_354003 - January 11, 2026 23:08:00",01-11-2026 23:08,01-11-2026 23:17,536.4229,passed,WorksoftCertifyAgent,01-11-2026 23:08,WorksoftCertifyAgent,01-11-2026 23:17
RT_TC_354002_354001,"RT_TC_354002_354001 - January 11, 2026 21:29:33",01-11-2026 21:29,01-11-2026 21:40,628.9441,failed,WorksoftCertifyAgent,01-11-2026 21:30,WorksoftCertifyAgent,01-11-2026 21:40
RT_TC_354002_354001,"RT_TC_354002_354001 - January 11, 2026 21:41:05",01-11-2026 21:41,01-11-2026 21:45,265.9477,failed,WorksoftCertifyAgent,01-11-2026 21:41,WorksoftCertifyAgent,01-11-2026 21:46
RT_TC_352461,"RT_TC_352461 - January 11, 2026 15:45:46",01-11-2026 15:46,01-11-2026 15:49,186.0887,passed,WorksoftCertifyAgent,01-11-2026 15:46,WorksoftCertifyAgent,01-11-2026 15:49
RT_TC_347001,"RT_TC_347001 - January 12, 2026 04:39:35",01-12-2026 04:39,01-12-2026 05:17,2260.4549,passed,WorksoftCertifyAgent,01-12-2026 04:40,WorksoftCertifyAgent,01-12-2026 05:18
RT_TC_344378,"RT_TC_344378 - January 12, 2026 02:10:52",01-12-2026 02:11,01-12-2026 02:21,595.6328,failed,WorksoftCertifyAgent,01-12-2026 02:11,WorksoftCertifyAgent,01-12-2026 02:21
RT_TC_344378,"RT_TC_344378 - January 12, 2026 02:22:05",01-12-2026 02:22,01-12-2026 02:32,596.636,failed,WorksoftCertifyAgent,01-12-2026 02:22,WorksoftCertifyAgent,01-12-2026 02:32
RT_TC_342045_289048,"RT_TC_342045_289048 - January 16, 2026 15:20:22",1/16/2026 15:20:38,1/16/2026 15:35:20,882.0771,passed,WorksoftCertifyAgent,1/16/2026 15:21:00,WorksoftCertifyAgent,1/16/2026 15:35:00
RT_TC_340561,"RT_TC_340561 - January 11, 2026 12:33:28",01-11-2026 12:33,01-11-2026 12:52,1102.6741,passed,WorksoftCertifyAgent,01-11-2026 12:34,WorksoftCertifyAgent,01-11-2026 12:52
RT_TC_340550,"RT_TC_340550 - January 11, 2026 19:47:00",01-11-2026 19:47,01-11-2026 19:57,589.3607,passed,WorksoftCertifyAgent,01-11-2026 19:47,WorksoftCertifyAgent,01-11-2026 19:57
RT_TC_340548,"RT_TC_340548 - January 11, 2026 23:32:42",01-11-2026 23:32,01-11-2026 23:36,222.7707,failed,WorksoftCertifyAgent,01-11-2026 23:33,WorksoftCertifyAgent,01-11-2026 23:37
RT_TC_340548,"RT_TC_340548 - January 11, 2026 23:37:36",01-11-2026 23:37,01-11-2026 23:51,831.0906,passed,WorksoftCertifyAgent,01-11-2026 23:38,WorksoftCertifyAgent,01-11-2026 23:52
RT_TC_340545,"RT_TC_340545 - January 11, 2026 23:59:26",01-11-2026 23:59,01-12-2026 00:19,1162.9019,passed,WorksoftCertifyAgent,01-12-2026 00:00,WorksoftCertifyAgent,01-12-2026 00:19
RT_TC_340544,"RT_TC_340544 - January 11, 2026 14:51:06",01-11-2026 14:51,01-11-2026 15:34,2571.3899,passed,WorksoftCertifyAgent,01-11-2026 14:51,WorksoftCertifyAgent,01-11-2026 15:34
RT_TC_339246,"RT_TC_339246 - January 11, 2026 15:07:01",01-11-2026 15:07,01-11-2026 15:18,675.2307,passed,WorksoftCertifyAgent,01-11-2026 15:07,WorksoftCertifyAgent,01-11-2026 15:19
RT_TC_339013,"RT_TC_339013 - January 11, 2026 17:51:17",01-11-2026 17:51,01-11-2026 18:05,842.8379,passed,WorksoftCertifyAgent,01-11-2026 17:52,WorksoftCertifyAgent,01-11-2026 18:06
RT_TC_338266,"RT_TC_338266 - January 11, 2026 20:27:27",01-11-2026 20:27,01-11-2026 20:41,824.1133,passed,WorksoftCertifyAgent,01-11-2026 20:28,WorksoftCertifyAgent,01-11-2026 20:41
RT_TC_338264,"RT_TC_338264 - January 11, 2026 17:42:03",01-11-2026 17:42,01-11-2026 17:43,64.0333,failed,WorksoftCertifyAgent,01-11-2026 17:42,WorksoftCertifyAgent,01-11-2026 17:43
RT_TC_338264,"RT_TC_338264 - January 11, 2026 17:44:05",01-11-2026 17:44,01-11-2026 17:45,63.6026,failed,WorksoftCertifyAgent,01-11-2026 17:44,WorksoftCertifyAgent,01-11-2026 17:45
RT_TC_338171,"RT_TC_338171 - January 12, 2026 01:50:59",01-12-2026 01:51,01-12-2026 02:10,1125.6047,passed,WorksoftCertifyAgent,01-12-2026 01:51,WorksoftCertifyAgent,01-12-2026 02:10
RT_TC_338152,"RT_TC_338152 - January 11, 2026 23:46:25",01-11-2026 23:46,01-12-2026 00:04,1047.0212,failed,WorksoftCertifyAgent,01-11-2026 23:47,WorksoftCertifyAgent,01-12-2026 00:04
RT_TC_338152,"RT_TC_338152 - January 12, 2026 00:05:06",01-12-2026 00:05,01-12-2026 00:22,1034.7271,failed,WorksoftCertifyAgent,01-12-2026 00:05,WorksoftCertifyAgent,01-12-2026 00:23
RT_TC_338130,"RT_TC_338130 - January 11, 2026 17:37:43",01-11-2026 17:38,01-11-2026 17:39,62.2537,failed,WorksoftCertifyAgent,01-11-2026 17:38,WorksoftCertifyAgent,01-11-2026 17:39
RT_TC_338130,"RT_TC_338130 - January 11, 2026 17:40:07",01-11-2026 17:40,01-11-2026 17:41,63.5356,failed,WorksoftCertifyAgent,01-11-2026 17:40,WorksoftCertifyAgent,01-11-2026 17:41
RT_TC_338128,"RT_TC_338128 - January 11, 2026 12:56:08",01-11-2026 12:56,01-11-2026 13:12,979.762,passed,WorksoftCertifyAgent,01-11-2026 12:56,WorksoftCertifyAgent,01-11-2026 13:13
RT_TC_338127,"RT_TC_338127 - January 11, 2026 17:13:56",01-11-2026 17:14,01-11-2026 17:26,732.1833,passed,WorksoftCertifyAgent,01-11-2026 17:14,WorksoftCertifyAgent,01-11-2026 17:26
RT_TC_338126,"RT_TC_338126 - January 11, 2026 16:59:17",01-11-2026 16:59,01-11-2026 17:12,780.5283,passed,WorksoftCertifyAgent,01-11-2026 17:00,WorksoftCertifyAgent,01-11-2026 17:13
RT_TC_338125,"RT_TC_338125 - January 11, 2026 11:53:56",01-11-2026 11:54,01-11-2026 12:03,533.238,passed,WorksoftCertifyAgent,01-11-2026 11:54,WorksoftCertifyAgent,01-11-2026 12:03
RT_TC_338124,"RT_TC_338124 - January 11, 2026 12:50:05",01-11-2026 12:50,01-11-2026 12:52,126.7225,failed,WorksoftCertifyAgent,01-11-2026 12:50,WorksoftCertifyAgent,01-11-2026 12:52
RT_TC_338124,"RT_TC_338124 - January 11, 2026 12:53:06",01-11-2026 12:53,01-11-2026 12:55,128.4147,failed,WorksoftCertifyAgent,01-11-2026 12:53,WorksoftCertifyAgent,01-11-2026 12:56
RT_TC_338123,"RT_TC_338123 - January 11, 2026 12:29:58",01-11-2026 12:30,01-11-2026 12:49,1153.5257,passed,WorksoftCertifyAgent,01-11-2026 12:30,WorksoftCertifyAgent,01-11-2026 12:49
RT_TC_338121,"RT_TC_338121 - January 11, 2026 15:56:10",01-11-2026 15:56,01-11-2026 15:57,63.4451,failed,WorksoftCertifyAgent,01-11-2026 15:56,WorksoftCertifyAgent,01-11-2026 15:58
RT_TC_338121,"RT_TC_338121 - January 11, 2026 15:58:06",01-11-2026 15:58,01-11-2026 15:59,63.7421,failed,WorksoftCertifyAgent,01-11-2026 15:58,WorksoftCertifyAgent,01-11-2026 15:59
RT_TC_338121,"RT_TC_338121 - January 13, 2026 13:59:18",1/13/2026 13:59:35,1/13/2026 14:00:39,64.5177,failed,WorksoftCertifyAgent,1/13/2026 14:00:00,WorksoftCertifyAgent,1/13/2026 14:01:00
RT_TC_338121,"RT_TC_338121 - January 14, 2026 11:28:29",1/14/2026 11:28:46,1/14/2026 11:31:15,149.244,failed,WorksoftCertifyAgent,1/14/2026 11:29:00,WorksoftCertifyAgent,1/14/2026 11:31:00
RT_TC_338121,"RT_TC_338121 - January 14, 2026 13:09:33",1/14/2026 13:09:49,1/14/2026 13:14:29,279.9901,passed,WorksoftCertifyAgent,1/14/2026 13:10:00,WorksoftCertifyAgent,1/14/2026 13:14:00
RT_TC_338034,"RT_TC_338034 - January 11, 2026 15:49:44",01-11-2026 15:50,01-11-2026 15:55,334.0457,passed,WorksoftCertifyAgent,01-11-2026 15:50,WorksoftCertifyAgent,01-11-2026 15:56
RT_TC_338030,"RT_TC_338030 - January 11, 2026 15:40:10",01-11-2026 15:40,01-11-2026 15:48,458.8775,passed,WorksoftCertifyAgent,01-11-2026 15:40,WorksoftCertifyAgent,01-11-2026 15:48
RT_TC_338021,"RT_TC_338021 - January 11, 2026 17:54:44",01-11-2026 17:55,01-11-2026 18:01,388.7325,passed,WorksoftCertifyAgent,01-11-2026 17:55,WorksoftCertifyAgent,01-11-2026 18:02
RT_TC_338015_16,"RT_TC_338015_16 - January 11, 2026 13:33:34",01-11-2026 13:33,01-11-2026 13:39,321.8451,failed,WorksoftCertifyAgent,01-11-2026 13:34,WorksoftCertifyAgent,01-11-2026 13:39
RT_TC_338015_16,"RT_TC_338015_16 - January 11, 2026 13:40:06",01-11-2026 13:40,01-11-2026 13:45,320.3063,failed,WorksoftCertifyAgent,01-11-2026 13:40,WorksoftCertifyAgent,01-11-2026 13:46
RT_TC_338013_16,"RT_TC_338013_16 - January 11, 2026 13:13:31",01-11-2026 13:13,01-11-2026 13:32,1150.2128,passed,WorksoftCertifyAgent,01-11-2026 13:14,WorksoftCertifyAgent,01-11-2026 13:33
RT_TC_338012,"RT_TC_338012 - January 11, 2026 23:54:24",01-11-2026 23:54,01-12-2026 00:08,858.641,passed,WorksoftCertifyAgent,01-11-2026 23:55,WorksoftCertifyAgent,01-12-2026 00:09
RT_TC_338011,"RT_TC_338011 - January 11, 2026 23:38:00",01-11-2026 23:38,01-11-2026 23:53,928.6975,passed,WorksoftCertifyAgent,01-11-2026 23:38,WorksoftCertifyAgent,01-11-2026 23:54
RT_TC_338010,"RT_TC_338010 - January 11, 2026 22:52:18",01-11-2026 22:52,01-11-2026 23:08,977.0212,passed,WorksoftCertifyAgent,01-11-2026 22:53,WorksoftCertifyAgent,01-11-2026 23:09
RT_TC_337866,"RT_TC_337866 - January 11, 2026 19:40:55",01-11-2026 19:41,01-11-2026 19:46,307.5366,passed,WorksoftCertifyAgent,01-11-2026 19:41,WorksoftCertifyAgent,01-11-2026 19:46
RT_TC_337865,"RT_TC_337865 - January 11, 2026 14:02:47",01-11-2026 14:03,01-11-2026 14:36,1999.3533,passed,WorksoftCertifyAgent,01-11-2026 14:03,WorksoftCertifyAgent,01-11-2026 14:36
RT_TC_337864,"RT_TC_337864 - January 11, 2026 13:27:48",01-11-2026 13:28,01-11-2026 14:02,2046.4116,passed,WorksoftCertifyAgent,01-11-2026 13:28,WorksoftCertifyAgent,01-11-2026 14:02
RT_TC_337862,"RT_TC_337862 - January 11, 2026 14:42:00",01-11-2026 14:42,01-11-2026 14:44,152.4152,failed,WorksoftCertifyAgent,01-11-2026 14:42,WorksoftCertifyAgent,01-11-2026 14:45
RT_TC_337862,"RT_TC_337862 - January 11, 2026 14:45:36",01-11-2026 14:45,01-11-2026 14:48,156.5606,failed,WorksoftCertifyAgent,01-11-2026 14:46,WorksoftCertifyAgent,01-11-2026 14:49
RT_TC_337860_243311_243312,"RT_TC_337860_243311_243312 - January 12, 2026 04:10:59",01-12-2026 04:11,01-12-2026 04:22,650.2236,passed,WorksoftCertifyAgent,01-12-2026 04:11,WorksoftCertifyAgent,01-12-2026 04:22
RT_TC_337406,"RT_TC_337406 - January 11, 2026 19:57:45",01-11-2026 19:58,01-11-2026 20:08,624.0206,failed,WorksoftCertifyAgent,01-11-2026 19:58,WorksoftCertifyAgent,01-11-2026 20:08
RT_TC_337406,"RT_TC_337406 - January 11, 2026 20:09:04",01-11-2026 20:09,01-11-2026 20:19,599.6766,passed,WorksoftCertifyAgent,01-11-2026 20:09,WorksoftCertifyAgent,01-11-2026 20:19
RT_TC_337397_330083,"RT_TC_337397_330083 - January 11, 2026 15:18:45",01-11-2026 15:19,01-11-2026 15:45,1567.3265,passed,WorksoftCertifyAgent,01-11-2026 15:19,WorksoftCertifyAgent,01-11-2026 15:45
RT_TC_337387,"RT_TC_337387 - January 11, 2026 13:05:51",01-11-2026 13:06,01-11-2026 13:14,508.3291,passed,WorksoftCertifyAgent,01-11-2026 13:06,WorksoftCertifyAgent,01-11-2026 13:15
RT_TC_337372,"RT_TC_337372 - January 11, 2026 12:56:28",01-11-2026 12:56,01-11-2026 13:05,508.2047,passed,WorksoftCertifyAgent,01-11-2026 12:57,WorksoftCertifyAgent,01-11-2026 13:05
RT_TC_337370,"RT_TC_337370 - January 11, 2026 12:47:09",01-11-2026 12:47,01-11-2026 12:55,504.1505,passed,WorksoftCertifyAgent,01-11-2026 12:47,WorksoftCertifyAgent,01-11-2026 12:56
RT_TC_337360,"RT_TC_337360 - January 11, 2026 12:36:06",01-11-2026 12:36,01-11-2026 12:40,276.4575,failed,WorksoftCertifyAgent,01-11-2026 12:36,WorksoftCertifyAgent,01-11-2026 12:41
RT_TC_337360,"RT_TC_337360 - January 11, 2026 12:41:36",01-11-2026 12:41,01-11-2026 12:46,278.3194,failed,WorksoftCertifyAgent,01-11-2026 12:42,WorksoftCertifyAgent,01-11-2026 12:47
RT_TC_337355,"RT_TC_337355 - January 11, 2026 12:26:43",01-11-2026 12:27,01-11-2026 12:35,507.8621,passed,WorksoftCertifyAgent,01-11-2026 12:27,WorksoftCertifyAgent,01-11-2026 12:35
RT_TC_337350,"RT_TC_337350 - January 11, 2026 12:15:26",01-11-2026 12:15,01-11-2026 12:20,280.6971,failed,WorksoftCertifyAgent,01-11-2026 12:16,WorksoftCertifyAgent,01-11-2026 12:20
RT_TC_337350,"RT_TC_337350 - January 11, 2026 12:21:06",01-11-2026 12:21,01-11-2026 12:26,281.9615,failed,WorksoftCertifyAgent,01-11-2026 12:21,WorksoftCertifyAgent,01-11-2026 12:26
RT_TC_337234,"RT_TC_337234 - January 11, 2026 18:16:01",01-11-2026 18:16,01-11-2026 18:22,362.5451,passed,WorksoftCertifyAgent,01-11-2026 18:16,WorksoftCertifyAgent,01-11-2026 18:22
RT_TC_337233,"RT_TC_337233 - January 11, 2026 18:09:43",01-11-2026 18:09,01-11-2026 18:15,324.8286,passed,WorksoftCertifyAgent,01-11-2026 18:10,WorksoftCertifyAgent,01-11-2026 18:15
RT_TC_337232,"RT_TC_337232 - January 11, 2026 17:55:14",01-11-2026 17:55,01-11-2026 18:09,815.1014,passed,WorksoftCertifyAgent,01-11-2026 17:56,WorksoftCertifyAgent,01-11-2026 18:09
RT_TC_337231,"RT_TC_337231 - January 11, 2026 17:41:00",01-11-2026 17:41,01-11-2026 17:54,801.3721,passed,WorksoftCertifyAgent,01-11-2026 17:41,WorksoftCertifyAgent,01-11-2026 17:55
RT_TC_337230,"RT_TC_337230 - January 11, 2026 17:34:54",01-11-2026 17:35,01-11-2026 17:40,313.2545,passed,WorksoftCertifyAgent,01-11-2026 17:35,WorksoftCertifyAgent,01-11-2026 17:40
RT_TC_337229,"RT_TC_337229 - January 11, 2026 13:15:15",01-11-2026 13:15,01-11-2026 13:20,319.3028,failed,WorksoftCertifyAgent,01-11-2026 13:16,WorksoftCertifyAgent,01-11-2026 13:21
RT_TC_337229,"RT_TC_337229 - January 11, 2026 13:21:37",01-11-2026 13:21,01-11-2026 13:27,315.5606,failed,WorksoftCertifyAgent,01-11-2026 13:22,WorksoftCertifyAgent,01-11-2026 13:27
RT_TC_337220,"RT_TC_337220 - January 11, 2026 19:34:06",01-11-2026 19:34,01-11-2026 19:35,66.3957,failed,WorksoftCertifyAgent,01-11-2026 19:34,WorksoftCertifyAgent,01-11-2026 19:36
RT_TC_337220,"RT_TC_337220 - January 11, 2026 19:36:35",01-11-2026 19:36,01-11-2026 19:38,67.1048,failed,WorksoftCertifyAgent,01-11-2026 19:37,WorksoftCertifyAgent,01-11-2026 19:38
RT_TC_337220,"RT_TC_337220 - January 13, 2026 14:23:45",1/13/2026 14:24:01,1/13/2026 14:34:13,611.892,passed,WorksoftCertifyAgent,1/13/2026 14:24:00,WorksoftCertifyAgent,1/13/2026 14:34:00
RT_TC_337202,"RT_TC_337202 - January 11, 2026 19:30:03",01-11-2026 19:30,01-11-2026 19:31,66.4704,failed,WorksoftCertifyAgent,01-11-2026 19:30,WorksoftCertifyAgent,01-11-2026 19:31
RT_TC_337202,"RT_TC_337202 - January 11, 2026 19:32:05",01-11-2026 19:32,01-11-2026 19:33,66.0171,failed,WorksoftCertifyAgent,01-11-2026 19:32,WorksoftCertifyAgent,01-11-2026 19:33
RT_TC_337202,"RT_TC_337202 - January 13, 2026 14:11:32",1/13/2026 14:11:49,1/13/2026 14:23:08,678.5447,passed,WorksoftCertifyAgent,1/13/2026 14:12:00,WorksoftCertifyAgent,1/13/2026 14:23:00
RT_TC_337198,"RT_TC_337198 - January 13, 2026 14:01:16",1/13/2026 14:01:33,1/13/2026 14:10:54,561.1083,passed,WorksoftCertifyAgent,1/13/2026 14:02:00,WorksoftCertifyAgent,1/13/2026 14:11:00
RT_TC_337198,"RT_TC_337198 - January 11, 2026 19:26:05",01-11-2026 19:26,01-11-2026 19:27,64.0595,failed,WorksoftCertifyAgent,01-11-2026 19:26,WorksoftCertifyAgent,01-11-2026 19:27
RT_TC_337198,"RT_TC_337198 - January 11, 2026 19:28:05",01-11-2026 19:28,01-11-2026 19:29,64.9547,failed,WorksoftCertifyAgent,01-11-2026 19:28,WorksoftCertifyAgent,01-11-2026 19:29
RT_TC_337190,"RT_TC_337190 - January 13, 2026 12:31:29",1/13/2026 12:31:46,1/13/2026 13:01:20,1774.3048,passed,WorksoftCertifyAgent,1/13/2026 12:32:00,WorksoftCertifyAgent,1/13/2026 13:01:00
RT_TC_337190,"RT_TC_337190 - January 11, 2026 12:52:44",01-11-2026 12:53,01-11-2026 13:03,652.5947,failed,WorksoftCertifyAgent,01-11-2026 12:53,WorksoftCertifyAgent,01-11-2026 13:04
RT_TC_337190,"RT_TC_337190 - January 11, 2026 13:04:35",01-11-2026 13:04,01-11-2026 13:15,654.8488,failed,WorksoftCertifyAgent,01-11-2026 13:05,WorksoftCertifyAgent,01-11-2026 13:16
RT_TC_337181,"RT_TC_337181 - January 11, 2026 16:54:08",01-11-2026 16:54,01-11-2026 16:58,265.675,failed,WorksoftCertifyAgent,01-11-2026 16:54,WorksoftCertifyAgent,01-11-2026 16:59
RT_TC_337181,"RT_TC_337181 - January 11, 2026 16:59:36",01-11-2026 16:59,01-11-2026 17:04,267.0685,failed,WorksoftCertifyAgent,01-11-2026 17:00,WorksoftCertifyAgent,01-11-2026 17:04
RT_TC_337171_337169,"RT_TC_337171_337169 - January 11, 2026 14:04:33",01-11-2026 14:04,01-11-2026 14:11,372.4475,passed,WorksoftCertifyAgent,01-11-2026 14:05,WorksoftCertifyAgent,01-11-2026 14:11
RT_TC_337126,"RT_TC_337126 - January 16, 2026 12:24:31",1/16/2026 12:24:47,1/16/2026 12:49:31,1484.0605,passed,WorksoftCertifyAgent,1/16/2026 12:25:00,WorksoftCertifyAgent,1/16/2026 12:50:00
RT_TC_337091,"RT_TC_337091 - January 11, 2026 16:48:43",01-11-2026 16:49,01-11-2026 16:51,157.8977,failed,WorksoftCertifyAgent,01-11-2026 16:49,WorksoftCertifyAgent,01-11-2026 16:52
RT_TC_337091,"RT_TC_337091 - January 11, 2026 16:52:36",01-11-2026 16:52,01-11-2026 16:55,156.9074,failed,WorksoftCertifyAgent,01-11-2026 16:53,WorksoftCertifyAgent,01-11-2026 16:55
RT_TC_337090,"RT_TC_337090 - January 11, 2026 16:37:25",01-11-2026 16:37,01-11-2026 16:48,626.5054,passed,WorksoftCertifyAgent,01-11-2026 16:38,WorksoftCertifyAgent,01-11-2026 16:48
RT_TC_337089,"RT_TC_337089 - January 11, 2026 16:13:59",01-11-2026 16:14,01-11-2026 16:24,625.9981,failed,WorksoftCertifyAgent,01-11-2026 16:14,WorksoftCertifyAgent,01-11-2026 16:25
RT_TC_337089,"RT_TC_337089 - January 11, 2026 16:25:36",01-11-2026 16:25,01-11-2026 16:36,655.8437,failed,WorksoftCertifyAgent,01-11-2026 16:26,WorksoftCertifyAgent,01-11-2026 16:37
RT_TC_337088,"RT_TC_337088 - January 11, 2026 20:02:57",01-11-2026 20:03,01-11-2026 20:04,65.7998,failed,WorksoftCertifyAgent,01-11-2026 20:03,WorksoftCertifyAgent,01-11-2026 20:04
RT_TC_337088,"RT_TC_337088 - January 11, 2026 20:05:06",01-11-2026 20:05,01-11-2026 20:06,65.6707,failed,WorksoftCertifyAgent,01-11-2026 20:05,WorksoftCertifyAgent,01-11-2026 20:06
RT_TC_337086,"RT_TC_337086 - January 11, 2026 20:04:50",01-11-2026 20:05,01-11-2026 20:06,65.4476,failed,WorksoftCertifyAgent,01-11-2026 20:05,WorksoftCertifyAgent,01-11-2026 20:06
RT_TC_337086,"RT_TC_337086 - January 11, 2026 20:07:04",01-11-2026 20:07,01-11-2026 20:08,65.1204,failed,WorksoftCertifyAgent,01-11-2026 20:07,WorksoftCertifyAgent,01-11-2026 20:08
RT_TC_337085,"RT_TC_337085 - January 11, 2026 17:26:52",01-11-2026 17:27,01-11-2026 17:37,597.0964,passed,WorksoftCertifyAgent,01-11-2026 17:27,WorksoftCertifyAgent,01-11-2026 17:37
RT_TC_337084,"RT_TC_337084 - January 11, 2026 13:33:28",01-11-2026 13:33,01-11-2026 13:51,1042.8873,passed,WorksoftCertifyAgent,01-11-2026 13:34,WorksoftCertifyAgent,01-11-2026 13:51
RT_TC_337019,"RT_TC_337019 - January 11, 2026 13:06:45",01-11-2026 13:07,01-11-2026 13:12,351.7424,passed,WorksoftCertifyAgent,01-11-2026 13:07,WorksoftCertifyAgent,01-11-2026 13:13
RT_TC_337015,"RT_TC_337015 - January 11, 2026 12:53:08",01-11-2026 12:53,01-11-2026 13:06,764.9288,passed,WorksoftCertifyAgent,01-11-2026 12:53,WorksoftCertifyAgent,01-11-2026 13:06
RT_TC_337013,"RT_TC_337013 - January 11, 2026 16:00:04",01-11-2026 16:00,01-11-2026 16:06,374.404,passed,WorksoftCertifyAgent,01-11-2026 16:00,WorksoftCertifyAgent,01-11-2026 16:07
RT_TC_337012,"RT_TC_337012 - January 15, 2026 08:29:24",1/15/2026 8:29:40,1/15/2026 8:49:34,1194.252,passed,WorksoftCertifyAgent,1/15/2026 8:30:00,WorksoftCertifyAgent,1/15/2026 8:50:00
RT_TC_337012,"RT_TC_337012 - January 11, 2026 12:15:33",01-11-2026 12:15,01-11-2026 12:31,928.0601,failed,WorksoftCertifyAgent,01-11-2026 12:16,WorksoftCertifyAgent,01-11-2026 12:31
RT_TC_337012,"RT_TC_337012 - January 11, 2026 12:32:06",01-11-2026 12:32,01-11-2026 12:47,929.7969,failed,WorksoftCertifyAgent,01-11-2026 12:32,WorksoftCertifyAgent,01-11-2026 12:48
RT_TC_337004,"RT_TC_337004 - January 11, 2026 22:29:50",01-11-2026 22:30,01-11-2026 22:39,548.1732,failed,WorksoftCertifyAgent,01-11-2026 22:30,WorksoftCertifyAgent,01-11-2026 22:39
RT_TC_337004,"RT_TC_337004 - January 11, 2026 22:40:06",01-11-2026 22:40,01-11-2026 22:51,676.6221,passed,WorksoftCertifyAgent,01-11-2026 22:40,WorksoftCertifyAgent,01-11-2026 22:52
RT_TC_336052,"RT_TC_336052 - January 11, 2026 14:36:22",01-11-2026 14:36,01-11-2026 14:41,284.6281,passed,WorksoftCertifyAgent,01-11-2026 14:37,WorksoftCertifyAgent,01-11-2026 14:41
RT_TC_334381,"RT_TC_334381 - January 12, 2026 06:31:09",01-12-2026 06:31,01-12-2026 07:13,2522.8602,passed,WorksoftCertifyAgent,01-12-2026 06:31,WorksoftCertifyAgent,01-12-2026 07:14
RT_TC_334379,"RT_TC_334379 - January 11, 2026 14:34:54",01-11-2026 14:35,01-11-2026 14:52,1043.5798,failed,WorksoftCertifyAgent,01-11-2026 14:35,WorksoftCertifyAgent,01-11-2026 14:53
RT_TC_334379,"RT_TC_334379 - January 11, 2026 14:53:36",01-11-2026 14:53,01-11-2026 15:11,1037.67,failed,WorksoftCertifyAgent,01-11-2026 14:54,WorksoftCertifyAgent,01-11-2026 15:11
RT_TC_331056,"RT_TC_331056 - January 11, 2026 14:20:59",01-11-2026 14:21,01-11-2026 14:27,348.8654,failed,WorksoftCertifyAgent,01-11-2026 14:21,WorksoftCertifyAgent,01-11-2026 14:27
RT_TC_331056,"RT_TC_331056 - January 11, 2026 14:28:06",01-11-2026 14:28,01-11-2026 14:34,354.0568,failed,WorksoftCertifyAgent,01-11-2026 14:28,WorksoftCertifyAgent,01-11-2026 14:34
RT_TC_331054,"RT_TC_331054 - January 11, 2026 14:06:09",01-11-2026 14:06,01-11-2026 14:09,159.8632,failed,WorksoftCertifyAgent,01-11-2026 14:06,WorksoftCertifyAgent,01-11-2026 14:09
RT_TC_331054,"RT_TC_331054 - January 11, 2026 14:10:06",01-11-2026 14:10,01-11-2026 14:20,599.1931,passed,WorksoftCertifyAgent,01-11-2026 14:10,WorksoftCertifyAgent,01-11-2026 14:20
RT_TC_331027,"RT_TC_331027 - January 11, 2026 12:27:59",01-11-2026 12:28,01-11-2026 12:32,275.7491,passed,WorksoftCertifyAgent,01-11-2026 12:28,WorksoftCertifyAgent,01-11-2026 12:33
RT_TC_331026,"RT_TC_331026 - January 11, 2026 12:22:29",01-11-2026 12:22,01-11-2026 12:27,276.3747,passed,WorksoftCertifyAgent,01-11-2026 12:23,WorksoftCertifyAgent,01-11-2026 12:27
RT_TC_331025,"RT_TC_331025 - January 11, 2026 16:42:07",01-11-2026 16:42,01-11-2026 16:53,667.7979,passed,WorksoftCertifyAgent,01-11-2026 16:42,WorksoftCertifyAgent,01-11-2026 16:54
RT_TC_331024,"RT_TC_331024 - January 11, 2026 12:17:34",01-11-2026 12:17,01-11-2026 12:21,241.3012,passed,WorksoftCertifyAgent,01-11-2026 12:18,WorksoftCertifyAgent,01-11-2026 12:22
RT_TC_331023,"RT_TC_331023 - January 11, 2026 12:02:27",01-11-2026 12:02,01-11-2026 12:08,329.716,failed,WorksoftCertifyAgent,01-11-2026 12:03,WorksoftCertifyAgent,01-11-2026 12:08
RT_TC_331023,"RT_TC_331023 - January 11, 2026 12:09:05",01-11-2026 12:09,01-11-2026 12:16,456.263,passed,WorksoftCertifyAgent,01-11-2026 12:09,WorksoftCertifyAgent,01-11-2026 12:17
RT_TC_331022,"RT_TC_331022 - January 11, 2026 14:37:47",01-11-2026 14:38,01-11-2026 14:50,744.8019,passed,WorksoftCertifyAgent,01-11-2026 14:38,WorksoftCertifyAgent,01-11-2026 14:50
RT_TC_330078_330079,"RT_TC_330078_330079 - January 11, 2026 14:59:42",01-11-2026 14:59,01-11-2026 15:18,1091.2389,passed,WorksoftCertifyAgent,01-11-2026 15:00,WorksoftCertifyAgent,01-11-2026 15:18
RT_TC_325116,"RT_TC_325116 - January 12, 2026 04:22:02",01-12-2026 04:22,01-12-2026 04:38,940.8927,passed,WorksoftCertifyAgent,01-12-2026 04:22,WorksoftCertifyAgent,01-12-2026 04:38
RT_TC_325115_336056_340547,"RT_TC_325115_336056_340547 - January 12, 2026 04:01:06",01-12-2026 04:01,01-12-2026 04:21,1203.2212,passed,WorksoftCertifyAgent,01-12-2026 04:01,WorksoftCertifyAgent,01-12-2026 04:21
RT_TC_325114,"RT_TC_325114 - January 11, 2026 21:12:17",01-11-2026 21:12,01-11-2026 21:28,980.0191,passed,WorksoftCertifyAgent,01-11-2026 21:13,WorksoftCertifyAgent,01-11-2026 21:29
RT_TC_325113,"RT_TC_325113 - January 11, 2026 18:39:55",01-11-2026 18:40,01-11-2026 18:56,951.1822,passed,WorksoftCertifyAgent,01-11-2026 18:40,WorksoftCertifyAgent,01-11-2026 18:56
RT_TC_325112,"RT_TC_325112 - January 11, 2026 18:22:58",01-11-2026 18:23,01-11-2026 18:39,962.2187,passed,WorksoftCertifyAgent,01-11-2026 18:23,WorksoftCertifyAgent,01-11-2026 18:39
RT_TC_322035,"RT_TC_322035 - January 11, 2026 15:55:10",01-11-2026 15:55,01-11-2026 16:36,2488.6463,passed,WorksoftCertifyAgent,01-11-2026 15:55,WorksoftCertifyAgent,01-11-2026 16:37
RT_TC_320082,"RT_TC_320082 - January 11, 2026 22:14:19",01-11-2026 22:14,01-11-2026 23:25,4246.2895,passed,WorksoftCertifyAgent,01-11-2026 22:15,WorksoftCertifyAgent,01-11-2026 23:25
RT_TC_320063_338097_95,"RT_TC_320063_338097_95 - January 12, 2026 02:38:37",01-12-2026 02:38,01-12-2026 03:16,2265.3145,passed,WorksoftCertifyAgent,01-12-2026 02:39,WorksoftCertifyAgent,01-12-2026 03:17
RT_TC_320032,"RT_TC_320032 - January 11, 2026 17:18:02",01-11-2026 17:18,01-11-2026 17:21,185.1026,failed,WorksoftCertifyAgent,01-11-2026 17:18,WorksoftCertifyAgent,01-11-2026 17:21
RT_TC_320032,"RT_TC_320032 - January 11, 2026 17:22:06",01-11-2026 17:22,01-11-2026 17:26,233.3743,passed,WorksoftCertifyAgent,01-11-2026 17:22,WorksoftCertifyAgent,01-11-2026 17:26
RT_TC_320029,"RT_TC_320029 - January 11, 2026 18:42:22",01-11-2026 18:42,01-11-2026 18:45,153.1676,failed,WorksoftCertifyAgent,01-11-2026 18:43,WorksoftCertifyAgent,01-11-2026 18:45
RT_TC_320029,"RT_TC_320029 - January 11, 2026 18:46:07",01-11-2026 18:46,01-11-2026 18:48,149.4997,failed,WorksoftCertifyAgent,01-11-2026 18:46,WorksoftCertifyAgent,01-11-2026 18:49
RT_TC_320018,"RT_TC_320018 - January 11, 2026 23:09:30",01-11-2026 23:09,01-11-2026 23:30,1220.9787,passed,WorksoftCertifyAgent,01-11-2026 23:10,WorksoftCertifyAgent,01-11-2026 23:30
RT_TC_320016,"RT_TC_320016 - January 11, 2026 19:30:55",01-11-2026 19:31,01-11-2026 19:35,233.5669,failed,WorksoftCertifyAgent,01-11-2026 19:31,WorksoftCertifyAgent,01-11-2026 19:35
RT_TC_320016,"RT_TC_320016 - January 11, 2026 19:36:05",01-11-2026 19:36,01-11-2026 19:40,236.2691,failed,WorksoftCertifyAgent,01-11-2026 19:36,WorksoftCertifyAgent,01-11-2026 19:40
RT_TC_320009_320002,"RT_TC_320009_320002 - January 16, 2026 13:36:38",1/16/2026 13:36:55,1/16/2026 13:54:49,1074.3131,failed,WorksoftCertifyAgent,1/16/2026 13:37:00,WorksoftCertifyAgent,1/16/2026 13:55:00
RT_TC_319055,"RT_TC_319055 - January 11, 2026 23:03:07",01-11-2026 23:03,01-11-2026 23:07,237.5114,passed,WorksoftCertifyAgent,01-11-2026 23:03,WorksoftCertifyAgent,01-11-2026 23:07
RT_TC_319052,"RT_TC_319052 - January 11, 2026 23:52:22",01-11-2026 23:52,01-11-2026 23:58,370.1591,passed,WorksoftCertifyAgent,01-11-2026 23:53,WorksoftCertifyAgent,01-11-2026 23:59
RT_TC_318015,"RT_TC_318015 - January 12, 2026 05:25:44",01-12-2026 05:26,01-12-2026 05:28,160.2397,failed,WorksoftCertifyAgent,01-12-2026 05:26,WorksoftCertifyAgent,01-12-2026 05:29
RT_TC_318015,"RT_TC_318015 - January 12, 2026 05:29:37",01-12-2026 05:29,01-12-2026 05:32,159.5426,failed,WorksoftCertifyAgent,01-12-2026 05:30,WorksoftCertifyAgent,01-12-2026 05:33
RT_TC_318014,"RT_TC_318014 - January 11, 2026 17:13:49",01-11-2026 17:14,01-11-2026 17:15,63.2851,failed,WorksoftCertifyAgent,01-11-2026 17:14,WorksoftCertifyAgent,01-11-2026 17:15
RT_TC_318014,"RT_TC_318014 - January 11, 2026 17:16:05",01-11-2026 17:16,01-11-2026 17:17,63.3569,failed,WorksoftCertifyAgent,01-11-2026 17:16,WorksoftCertifyAgent,01-11-2026 17:17
RT_TC_317942,"RT_TC_317942 - January 16, 2026 13:35:24",1/16/2026 13:35:41,1/16/2026 13:36:01,20.1253,failed,WorksoftCertifyAgent,1/16/2026 13:36:00,WorksoftCertifyAgent,1/16/2026 13:36:00
RT_TC_317941,"RT_TC_317941 - January 11, 2026 15:49:05",01-11-2026 15:49,01-11-2026 16:04,890.4501,failed,WorksoftCertifyAgent,01-11-2026 15:49,WorksoftCertifyAgent,01-11-2026 16:04
RT_TC_317941,"RT_TC_317941 - January 11, 2026 16:05:06",01-11-2026 16:05,01-11-2026 16:20,892.1946,failed,WorksoftCertifyAgent,01-11-2026 16:05,WorksoftCertifyAgent,01-11-2026 16:20
RT_TC_317940,"RT_TC_317940 - January 11, 2026 18:00:19",01-11-2026 18:00,01-11-2026 18:14,836.7527,failed,WorksoftCertifyAgent,01-11-2026 18:01,WorksoftCertifyAgent,01-11-2026 18:15
RT_TC_317940,"RT_TC_317940 - January 11, 2026 18:15:37",01-11-2026 18:15,01-11-2026 18:29,836.5391,failed,WorksoftCertifyAgent,01-11-2026 18:16,WorksoftCertifyAgent,01-11-2026 18:30
RT_TC_317939,"RT_TC_317939 - January 11, 2026 17:28:08",01-11-2026 17:28,01-11-2026 17:43,899.1069,failed,WorksoftCertifyAgent,01-11-2026 17:28,WorksoftCertifyAgent,01-11-2026 17:43
RT_TC_317939,"RT_TC_317939 - January 11, 2026 17:44:05",01-11-2026 17:44,01-11-2026 17:59,919.9001,failed,WorksoftCertifyAgent,01-11-2026 17:44,WorksoftCertifyAgent,01-11-2026 18:00
RT_TC_289047,"RT_TC_289047 - January 16, 2026 12:50:08",1/16/2026 12:50:25,1/16/2026 13:06:57,991.8686,failed,WorksoftCertifyAgent,1/16/2026 12:50:00,WorksoftCertifyAgent,1/16/2026 13:07:00
RT_TC_289045,"RT_TC_289045 - January 11, 2026 17:41:43",01-11-2026 17:41,01-11-2026 17:50,519.7999,passed,WorksoftCertifyAgent,01-11-2026 17:42,WorksoftCertifyAgent,01-11-2026 17:51
RT_TC_289044,"RT_TC_289044 - January 11, 2026 20:19:58",01-11-2026 20:20,01-11-2026 20:27,411.7527,failed,WorksoftCertifyAgent,01-11-2026 20:20,WorksoftCertifyAgent,01-11-2026 20:27
RT_TC_289044,"RT_TC_289044 - January 11, 2026 20:28:04",01-11-2026 20:28,01-11-2026 20:35,403.7613,failed,WorksoftCertifyAgent,01-11-2026 20:28,WorksoftCertifyAgent,01-11-2026 20:35
RT_TC_289044,"RT_TC_289044 - January 13, 2026 14:34:50",1/13/2026 14:35:06,1/13/2026 14:43:38,511.6744,passed,WorksoftCertifyAgent,1/13/2026 14:35:00,WorksoftCertifyAgent,1/13/2026 14:44:00
RT_TC_287077,"RT_TC_287077 - January 11, 2026 19:35:01",01-11-2026 19:35,01-11-2026 19:42,409.7595,failed,WorksoftCertifyAgent,01-11-2026 19:35,WorksoftCertifyAgent,01-11-2026 19:42
RT_TC_287077,"RT_TC_287077 - January 11, 2026 19:43:05",01-11-2026 19:43,01-11-2026 20:04,1249.0634,passed,WorksoftCertifyAgent,01-11-2026 19:43,WorksoftCertifyAgent,01-11-2026 20:04
RT_TC_243858_234305,"RT_TC_243858_234305 - January 11, 2026 18:30:28",01-11-2026 18:30,01-11-2026 18:35,293.2268,failed,WorksoftCertifyAgent,01-11-2026 18:31,WorksoftCertifyAgent,01-11-2026 18:36
RT_TC_243858_234305,"RT_TC_243858_234305 - January 11, 2026 18:36:37",01-11-2026 18:36,01-11-2026 18:41,290.5519,failed,WorksoftCertifyAgent,01-11-2026 18:37,WorksoftCertifyAgent,01-11-2026 18:42
RT_TC_243794_243171,"RT_TC_243794_243171 - January 11, 2026 17:20:14",01-11-2026 17:20,01-11-2026 17:34,825.2013,passed,WorksoftCertifyAgent,01-11-2026 17:21,WorksoftCertifyAgent,01-11-2026 17:34
RT_TC_243793,"RT_TC_243793 - January 11, 2026 17:13:11",01-11-2026 17:13,01-11-2026 17:19,369.7993,passed,WorksoftCertifyAgent,01-11-2026 17:13,WorksoftCertifyAgent,01-11-2026 17:20
RT_TC_243792,"RT_TC_243792 - January 11, 2026 16:56:42",01-11-2026 16:56,01-11-2026 17:07,620.4268,passed,WorksoftCertifyAgent,01-11-2026 16:57,WorksoftCertifyAgent,01-11-2026 17:07
RT_TC_243194,"RT_TC_243194 - January 11, 2026 19:02:40",01-11-2026 19:02,01-11-2026 19:19,979.0381,passed,WorksoftCertifyAgent,01-11-2026 19:03,WorksoftCertifyAgent,01-11-2026 19:19
RT_TC_243193,"RT_TC_243193 - January 11, 2026 16:01:25",01-11-2026 16:01,01-11-2026 16:13,701.7809,passed,WorksoftCertifyAgent,01-11-2026 16:02,WorksoftCertifyAgent,01-11-2026 16:13
RT_TC_243192,"RT_TC_243192 - January 11, 2026 14:37:01",01-11-2026 14:37,01-11-2026 14:50,812.8848,passed,WorksoftCertifyAgent,01-11-2026 14:37,WorksoftCertifyAgent,01-11-2026 14:51
RT_TC_243188,"RT_TC_243188 - January 11, 2026 22:01:42",01-11-2026 22:01,01-11-2026 22:14,780.3767,failed,WorksoftCertifyAgent,01-11-2026 22:02,WorksoftCertifyAgent,01-11-2026 22:15
RT_TC_243188,"RT_TC_243188 - January 11, 2026 22:15:37",01-11-2026 22:15,01-11-2026 22:29,798.6776,failed,WorksoftCertifyAgent,01-11-2026 22:16,WorksoftCertifyAgent,01-11-2026 22:29
RT_TC_243170,"RT_TC_243170 - January 11, 2026 17:04:56",01-11-2026 17:05,01-11-2026 17:13,479.4706,passed,WorksoftCertifyAgent,01-11-2026 17:05,WorksoftCertifyAgent,01-11-2026 17:13
RT_TC_243158,"RT_TC_243158 - January 12, 2026 01:42:07",01-12-2026 01:42,01-12-2026 01:55,807.8334,failed,WorksoftCertifyAgent,01-12-2026 01:42,WorksoftCertifyAgent,01-12-2026 01:56
RT_TC_243158,"RT_TC_243158 - January 12, 2026 01:56:34",01-12-2026 01:56,01-12-2026 02:11,858.689,passed,WorksoftCertifyAgent,01-12-2026 01:57,WorksoftCertifyAgent,01-12-2026 02:11
RT_TC_243155,"RT_TC_243155 - January 12, 2026 01:26:22",01-12-2026 01:26,01-12-2026 01:41,890.191,passed,WorksoftCertifyAgent,01-12-2026 01:27,WorksoftCertifyAgent,01-12-2026 01:42
RT_TC_243153,"RT_TC_243153 - January 12, 2026 01:11:40",01-12-2026 01:11,01-12-2026 01:25,828.5601,passed,WorksoftCertifyAgent,01-12-2026 01:12,WorksoftCertifyAgent,01-12-2026 01:26
RT_TC_243151,"RT_TC_243151 - January 12, 2026 00:52:23",01-12-2026 00:52,01-12-2026 01:11,1102.8822,passed,WorksoftCertifyAgent,01-12-2026 00:53,WorksoftCertifyAgent,01-12-2026 01:11
RT_TC_243149,"RT_TC_243149 - January 12, 2026 00:33:35",01-12-2026 00:33,01-12-2026 00:51,1073.7383,passed,WorksoftCertifyAgent,01-12-2026 00:34,WorksoftCertifyAgent,01-12-2026 00:52
RT_TC_243146_243147,"RT_TC_243146_243147 - January 11, 2026 19:12:49",01-11-2026 19:13,01-11-2026 19:34,1279.194,passed,WorksoftCertifyAgent,01-11-2026 19:13,WorksoftCertifyAgent,01-11-2026 19:34
RT_TC_243144,"RT_TC_243144 - January 11, 2026 19:07:02",01-11-2026 19:07,01-11-2026 19:12,292.7243,passed,WorksoftCertifyAgent,01-11-2026 19:07,WorksoftCertifyAgent,01-11-2026 19:12
RT_TC_243136,"RT_TC_243136 - January 11, 2026 13:13:22",01-11-2026 13:13,01-11-2026 13:32,1154.7029,passed,WorksoftCertifyAgent,01-11-2026 13:14,WorksoftCertifyAgent,01-11-2026 13:33
RT_TC_243134,"RT_TC_243134 - January 11, 2026 20:09:04",01-11-2026 20:09,01-11-2026 20:12,161.1098,failed,WorksoftCertifyAgent,01-11-2026 20:09,WorksoftCertifyAgent,01-11-2026 20:12
RT_TC_243134,"RT_TC_243134 - January 11, 2026 20:13:05",01-11-2026 20:13,01-11-2026 20:16,161.015,failed,WorksoftCertifyAgent,01-11-2026 20:13,WorksoftCertifyAgent,01-11-2026 20:16
RT_TC_243024,"RT_TC_243024 - January 11, 2026 16:17:27",01-11-2026 16:17,01-11-2026 16:21,232.9405,passed,WorksoftCertifyAgent,01-11-2026 16:18,WorksoftCertifyAgent,01-11-2026 16:22
RT_TC_236051,"RT_TC_236051 - January 11, 2026 22:58:45",01-11-2026 22:59,01-11-2026 23:00,65.199,failed,WorksoftCertifyAgent,01-11-2026 22:59,WorksoftCertifyAgent,01-11-2026 23:00
RT_TC_236051,"RT_TC_236051 - January 11, 2026 23:01:06",01-11-2026 23:01,01-11-2026 23:02,65.7376,failed,WorksoftCertifyAgent,01-11-2026 23:01,WorksoftCertifyAgent,01-11-2026 23:02
RT_TC_236049,"RT_TC_236049 - January 11, 2026 22:34:00",01-11-2026 22:34,01-11-2026 22:58,1430.2606,passed,WorksoftCertifyAgent,01-11-2026 22:34,WorksoftCertifyAgent,01-11-2026 22:58
RT_TC_234337,"RT_TC_234337 - January 12, 2026 00:09:36",01-12-2026 00:09,01-12-2026 00:21,677.1095,passed,WorksoftCertifyAgent,01-12-2026 00:10,WorksoftCertifyAgent,01-12-2026 00:21
RT_TC_234213_243211,"RT_TC_234213_243211 - January 16, 2026 15:35:58",1/16/2026 15:36:15,1/16/2026 16:09:43,2008.2002,passed,WorksoftCertifyAgent,1/16/2026 15:36:00,WorksoftCertifyAgent,1/16/2026 16:10:00
RT_TC_234208_216019,"RT_TC_234208_216019 - January 16, 2026 14:52:59",1/16/2026 14:53:16,1/16/2026 15:19:45,1589.2328,failed,WorksoftCertifyAgent,1/16/2026 14:53:00,WorksoftCertifyAgent,1/16/2026 15:20:00
RT_TC_234129,"RT_TC_234129 - January 11, 2026 20:56:52",01-11-2026 20:57,01-11-2026 21:06,546.2874,failed,WorksoftCertifyAgent,01-11-2026 20:57,WorksoftCertifyAgent,01-11-2026 21:06
RT_TC_234129,"RT_TC_234129 - January 11, 2026 21:07:04",01-11-2026 21:07,01-11-2026 21:16,570.5561,failed,WorksoftCertifyAgent,01-11-2026 21:07,WorksoftCertifyAgent,01-11-2026 21:17
RT_TC_234119,"RT_TC_234119 - January 15, 2026 02:33:20",1/15/2026 2:33:38,1/15/2026 2:45:57,738.282,failed,WorksoftCertifyAgent,1/15/2026 2:34:00,WorksoftCertifyAgent,1/15/2026 2:46:00
RT_TC_234119,"RT_TC_234119 - January 15, 2026 08:14:28",1/15/2026 8:14:45,1/15/2026 8:28:46,841.643,passed,WorksoftCertifyAgent,1/15/2026 8:15:00,WorksoftCertifyAgent,1/15/2026 8:29:00
RT_TC_234119,"RT_TC_234119 - January 11, 2026 20:30:08",01-11-2026 20:30,01-11-2026 20:42,735.9102,failed,WorksoftCertifyAgent,01-11-2026 20:30,WorksoftCertifyAgent,01-11-2026 20:43
RT_TC_234119,"RT_TC_234119 - January 11, 2026 20:43:35",01-11-2026 20:43,01-11-2026 20:56,742.2811,failed,WorksoftCertifyAgent,01-11-2026 20:44,WorksoftCertifyAgent,01-11-2026 20:56
RT_TC_234105,"RT_TC_234105 - January 11, 2026 16:22:13",01-11-2026 16:22,01-11-2026 16:41,1141.0534,passed,WorksoftCertifyAgent,01-11-2026 16:22,WorksoftCertifyAgent,01-11-2026 16:42
RT_TC_234104,"RT_TC_234104 - January 11, 2026 12:23:06",01-11-2026 12:23,01-11-2026 12:25,152.398,failed,WorksoftCertifyAgent,01-11-2026 12:23,WorksoftCertifyAgent,01-11-2026 12:26
RT_TC_234104,"RT_TC_234104 - January 11, 2026 12:26:36",01-11-2026 12:26,01-11-2026 12:29,149.5331,failed,WorksoftCertifyAgent,01-11-2026 12:27,WorksoftCertifyAgent,01-11-2026 12:29
RT_TC_234101,"RT_TC_234101 - January 11, 2026 13:48:50",01-11-2026 13:49,01-11-2026 14:03,890.596,passed,WorksoftCertifyAgent,01-11-2026 13:49,WorksoftCertifyAgent,01-11-2026 14:04
RT_TC_234092_243214,"RT_TC_234092_243214 - January 16, 2026 14:06:10",1/16/2026 14:06:26,1/16/2026 14:17:51,684.163,passed,WorksoftCertifyAgent,1/16/2026 14:06:00,WorksoftCertifyAgent,1/16/2026 14:18:00
RT_TC_234086_243190_337389_120010_120014,"RT_TC_234086_243190_337389_120010_120014 - January 16, 2026 13:55:27",1/16/2026 13:55:43,1/16/2026 14:05:34,590.8656,passed,WorksoftCertifyAgent,1/16/2026 13:56:00,WorksoftCertifyAgent,1/16/2026 14:06:00
RT_TC_233203_243065_320025_243223,"RT_TC_233203_243065_320025_243223 - January 16, 2026 14:18:28",1/16/2026 14:18:45,1/16/2026 14:52:19,2014.2646,passed,WorksoftCertifyAgent,1/16/2026 14:19:00,WorksoftCertifyAgent,1/16/2026 14:52:00
RT_TC_232139,"RT_TC_232139 - January 11, 2026 13:04:04",01-11-2026 13:04,01-11-2026 13:21,1014.388,passed,WorksoftCertifyAgent,01-11-2026 13:04,WorksoftCertifyAgent,01-11-2026 13:21
RT_TC_232138,"RT_TC_232138 - January 11, 2026 12:48:31",01-11-2026 12:48,01-11-2026 13:03,877.7658,passed,WorksoftCertifyAgent,01-11-2026 12:49,WorksoftCertifyAgent,01-11-2026 13:03
RT_TC_229090,"RT_TC_229090 - January 12, 2026 01:27:59",01-12-2026 01:28,01-12-2026 01:59,1867.9354,failed,WorksoftCertifyAgent,01-12-2026 01:28,WorksoftCertifyAgent,01-12-2026 01:59
RT_TC_229090,"RT_TC_229090 - January 12, 2026 02:00:06",01-12-2026 02:00,01-12-2026 02:30,1818.7141,failed,WorksoftCertifyAgent,01-12-2026 02:00,WorksoftCertifyAgent,01-12-2026 02:31
RT_TC_229086,"RT_TC_229086 - January 12, 2026 00:59:05",01-12-2026 00:59,01-12-2026 01:12,810.7632,failed,WorksoftCertifyAgent,01-12-2026 00:59,WorksoftCertifyAgent,01-12-2026 01:13
RT_TC_229086,"RT_TC_229086 - January 12, 2026 01:13:34",01-12-2026 01:13,01-12-2026 01:27,810.8665,failed,WorksoftCertifyAgent,01-12-2026 01:14,WorksoftCertifyAgent,01-12-2026 01:27
RT_TC_226076,"RT_TC_226076 - January 11, 2026 16:51:04",01-11-2026 16:51,01-11-2026 16:56,284.2006,passed,WorksoftCertifyAgent,01-11-2026 16:51,WorksoftCertifyAgent,01-11-2026 16:56
RT_TC_226074,"RT_TC_226074 - January 11, 2026 17:36:48",01-11-2026 17:37,01-11-2026 17:41,240.9005,passed,WorksoftCertifyAgent,01-11-2026 17:37,WorksoftCertifyAgent,01-11-2026 17:41
RT_TC_226073,"RT_TC_226073 - January 11, 2026 17:32:00",01-11-2026 17:32,01-11-2026 17:36,235.2617,passed,WorksoftCertifyAgent,01-11-2026 17:32,WorksoftCertifyAgent,01-11-2026 17:36
RT_TC_226072,"RT_TC_226072 - January 11, 2026 17:27:03",01-11-2026 17:27,01-11-2026 17:31,243.7398,passed,WorksoftCertifyAgent,01-11-2026 17:27,WorksoftCertifyAgent,01-11-2026 17:31
RT_TC_226062,"RT_TC_226062 - January 13, 2026 13:43:52",1/13/2026 13:44:09,1/13/2026 13:51:08,419.4076,passed,WorksoftCertifyAgent,1/13/2026 13:44:00,WorksoftCertifyAgent,1/13/2026 13:51:00
RT_TC_226062,"RT_TC_226062 - January 11, 2026 14:36:26",01-11-2026 14:36,01-11-2026 14:39,172.7565,failed,WorksoftCertifyAgent,01-11-2026 14:37,WorksoftCertifyAgent,01-11-2026 14:40
RT_TC_226062,"RT_TC_226062 - January 11, 2026 14:40:37",01-11-2026 14:40,01-11-2026 14:43,172.0043,failed,WorksoftCertifyAgent,01-11-2026 14:41,WorksoftCertifyAgent,01-11-2026 14:44
RT_TC_226061,"RT_TC_226061 - January 13, 2026 13:36:18",1/13/2026 13:36:35,1/13/2026 13:43:16,401.1616,passed,WorksoftCertifyAgent,1/13/2026 13:37:00,WorksoftCertifyAgent,1/13/2026 13:43:00
RT_TC_226061,"RT_TC_226061 - January 11, 2026 14:28:32",01-11-2026 14:28,01-11-2026 14:31,173.9428,failed,WorksoftCertifyAgent,01-11-2026 14:29,WorksoftCertifyAgent,01-11-2026 14:32
RT_TC_226061,"RT_TC_226061 - January 11, 2026 14:32:36",01-11-2026 14:32,01-11-2026 14:35,177.1768,failed,WorksoftCertifyAgent,01-11-2026 14:33,WorksoftCertifyAgent,01-11-2026 14:36
RT_TC_226059,"RT_TC_226059 - January 11, 2026 18:55:01",01-11-2026 18:55,01-11-2026 18:56,63.0508,failed,WorksoftCertifyAgent,01-11-2026 18:55,WorksoftCertifyAgent,01-11-2026 18:56
RT_TC_226059,"RT_TC_226059 - January 11, 2026 18:57:08",01-11-2026 18:57,01-11-2026 18:58,63.3286,failed,WorksoftCertifyAgent,01-11-2026 18:57,WorksoftCertifyAgent,01-11-2026 18:58
RT_TC_226058,"RT_TC_226058 - January 11, 2026 18:49:31",01-11-2026 18:49,01-11-2026 18:54,276.4419,passed,WorksoftCertifyAgent,01-11-2026 18:50,WorksoftCertifyAgent,01-11-2026 18:54
RT_TC_226057,"RT_TC_226057 - January 11, 2026 17:07:55",01-11-2026 17:08,01-11-2026 17:12,269.9866,passed,WorksoftCertifyAgent,01-11-2026 17:08,WorksoftCertifyAgent,01-11-2026 17:13
RT_TC_226056,"RT_TC_226056 - January 11, 2026 16:59:10",01-11-2026 16:59,01-11-2026 17:04,275.3472,passed,WorksoftCertifyAgent,01-11-2026 16:59,WorksoftCertifyAgent,01-11-2026 17:04
RT_TC_226055_225059,"RT_TC_226055_225059 - January 12, 2026 03:48:44",01-12-2026 03:49,01-12-2026 04:10,1282.3067,passed,WorksoftCertifyAgent,01-12-2026 03:49,WorksoftCertifyAgent,01-12-2026 04:10
RT_TC_226054,"RT_TC_226054 - January 12, 2026 02:53:06",01-12-2026 02:53,01-12-2026 02:54,66.1507,failed,WorksoftCertifyAgent,01-12-2026 02:53,WorksoftCertifyAgent,01-12-2026 02:54
RT_TC_226054,"RT_TC_226054 - January 12, 2026 02:55:36",01-12-2026 02:55,01-12-2026 02:57,67.727,failed,WorksoftCertifyAgent,01-12-2026 02:56,WorksoftCertifyAgent,01-12-2026 02:57
RT_TC_226053,"RT_TC_226053 - January 12, 2026 02:47:06",01-12-2026 02:47,01-12-2026 02:52,306.5397,passed,WorksoftCertifyAgent,01-12-2026 02:47,WorksoftCertifyAgent,01-12-2026 02:52
RT_TC_226052,"RT_TC_226052 - January 12, 2026 02:42:21",01-12-2026 02:42,01-12-2026 02:43,66.2763,failed,WorksoftCertifyAgent,01-12-2026 02:43,WorksoftCertifyAgent,01-12-2026 02:44
RT_TC_226052,"RT_TC_226052 - January 12, 2026 02:45:06",01-12-2026 02:45,01-12-2026 02:46,65.4028,failed,WorksoftCertifyAgent,01-12-2026 02:45,WorksoftCertifyAgent,01-12-2026 02:46
RT_TC_226051,"RT_TC_226051 - January 12, 2026 02:36:16",01-12-2026 02:36,01-12-2026 02:41,305.625,passed,WorksoftCertifyAgent,01-12-2026 02:37,WorksoftCertifyAgent,01-12-2026 02:42
RT_TC_226050,"RT_TC_226050 - January 12, 2026 00:29:28",01-12-2026 00:29,01-12-2026 00:30,65.6783,failed,WorksoftCertifyAgent,01-12-2026 00:30,WorksoftCertifyAgent,01-12-2026 00:31
RT_TC_226050,"RT_TC_226050 - January 12, 2026 00:31:35",01-12-2026 00:31,01-12-2026 00:32,66.576,failed,WorksoftCertifyAgent,01-12-2026 00:32,WorksoftCertifyAgent,01-12-2026 00:33
RT_TC_226049,"RT_TC_226049 - January 12, 2026 00:23:15",01-12-2026 00:23,01-12-2026 00:28,318.9889,passed,WorksoftCertifyAgent,01-12-2026 00:24,WorksoftCertifyAgent,01-12-2026 00:29
RT_TC_225066,"RT_TC_225066 - January 12, 2026 03:03:51",01-12-2026 03:04,01-12-2026 03:25,1285.2916,failed,WorksoftCertifyAgent,01-12-2026 03:04,WorksoftCertifyAgent,01-12-2026 03:26
RT_TC_225066,"RT_TC_225066 - January 12, 2026 03:26:35",01-12-2026 03:26,01-12-2026 03:48,1274.892,failed,WorksoftCertifyAgent,01-12-2026 03:27,WorksoftCertifyAgent,01-12-2026 03:48
RT_TC_225065,"RT_TC_225065 - January 12, 2026 02:30:01",01-12-2026 02:30,01-12-2026 02:35,320.9672,passed,WorksoftCertifyAgent,01-12-2026 02:30,WorksoftCertifyAgent,01-12-2026 02:36
RT_TC_225064,"RT_TC_225064 - January 12, 2026 02:23:52",01-12-2026 02:24,01-12-2026 02:29,309.9004,passed,WorksoftCertifyAgent,01-12-2026 02:24,WorksoftCertifyAgent,01-12-2026 02:29
RT_TC_225063,"RT_TC_225063 - January 12, 2026 02:17:46",01-12-2026 02:18,01-12-2026 02:23,311.2383,passed,WorksoftCertifyAgent,01-12-2026 02:18,WorksoftCertifyAgent,01-12-2026 02:23
RT_TC_225062,"RT_TC_225062 - January 12, 2026 02:11:46",01-12-2026 02:12,01-12-2026 02:17,305.0412,passed,WorksoftCertifyAgent,01-12-2026 02:12,WorksoftCertifyAgent,01-12-2026 02:17
RT_TC_225061,"RT_TC_225061 - January 11, 2026 21:46:27",01-11-2026 21:46,01-11-2026 21:51,313.1435,passed,WorksoftCertifyAgent,01-11-2026 21:47,WorksoftCertifyAgent,01-11-2026 21:52
RT_TC_225060,"RT_TC_225060 - January 11, 2026 19:19:55",01-11-2026 19:20,01-11-2026 19:25,316.1255,passed,WorksoftCertifyAgent,01-11-2026 19:20,WorksoftCertifyAgent,01-11-2026 19:25
RT_TC_225058,"RT_TC_225058 - January 11, 2026 20:59:58",01-11-2026 21:00,01-11-2026 21:05,303.2459,failed,WorksoftCertifyAgent,01-11-2026 21:00,WorksoftCertifyAgent,01-11-2026 21:05
RT_TC_225058,"RT_TC_225058 - January 11, 2026 21:06:05",01-11-2026 21:06,01-11-2026 21:11,318.7921,failed,WorksoftCertifyAgent,01-11-2026 21:06,WorksoftCertifyAgent,01-11-2026 21:12
RT_TC_225058,"RT_TC_225058 - January 13, 2026 14:52:56",1/13/2026 14:53:12,1/13/2026 14:58:40,327.7577,passed,WorksoftCertifyAgent,1/13/2026 14:53:00,WorksoftCertifyAgent,1/13/2026 14:59:00
RT_TC_225056,"RT_TC_225056 - January 12, 2026 05:42:05",01-12-2026 05:42,01-12-2026 06:03,1264.0963,failed,WorksoftCertifyAgent,01-12-2026 05:42,WorksoftCertifyAgent,01-12-2026 06:03
RT_TC_225056,"RT_TC_225056 - January 12, 2026 06:04:08",01-12-2026 06:04,01-12-2026 06:30,1563.4971,passed,WorksoftCertifyAgent,01-12-2026 06:04,WorksoftCertifyAgent,01-12-2026 06:31
RT_TC_225055,"RT_TC_225055 - January 11, 2026 16:44:54",01-11-2026 16:45,01-11-2026 16:51,367.4339,failed,WorksoftCertifyAgent,01-11-2026 16:45,WorksoftCertifyAgent,01-11-2026 16:51
RT_TC_225055,"RT_TC_225055 - January 11, 2026 16:52:06",01-11-2026 16:52,01-11-2026 16:58,369.8709,failed,WorksoftCertifyAgent,01-11-2026 16:52,WorksoftCertifyAgent,01-11-2026 16:59
RT_TC_225054,"RT_TC_225054 - January 12, 2026 04:27:05",01-12-2026 04:27,01-12-2026 04:28,66.4856,failed,WorksoftCertifyAgent,01-12-2026 04:27,WorksoftCertifyAgent,01-12-2026 04:29
RT_TC_225054,"RT_TC_225054 - January 12, 2026 04:29:35",01-12-2026 04:29,01-12-2026 04:30,66.5157,failed,WorksoftCertifyAgent,01-12-2026 04:30,WorksoftCertifyAgent,01-12-2026 04:31
RT_TC_225052,"RT_TC_225052 - January 11, 2026 20:53:30",01-11-2026 20:53,01-11-2026 20:55,132.2739,failed,WorksoftCertifyAgent,01-11-2026 20:54,WorksoftCertifyAgent,01-11-2026 20:56
RT_TC_225052,"RT_TC_225052 - January 11, 2026 20:57:05",01-11-2026 20:57,01-11-2026 20:59,118.1219,passed,WorksoftCertifyAgent,01-11-2026 20:57,WorksoftCertifyAgent,01-11-2026 20:59
RT_TC_225051,"RT_TC_225051 - January 12, 2026 02:57:08",01-12-2026 02:57,01-12-2026 02:58,66.6396,failed,WorksoftCertifyAgent,01-12-2026 02:57,WorksoftCertifyAgent,01-12-2026 02:59
RT_TC_225051,"RT_TC_225051 - January 12, 2026 02:59:36",01-12-2026 02:59,01-12-2026 03:01,67.195,failed,WorksoftCertifyAgent,01-12-2026 03:00,WorksoftCertifyAgent,01-12-2026 03:01
RT_TC_225050,"RT_TC_225050 - January 12, 2026 02:49:05",01-12-2026 02:49,01-12-2026 02:56,420.2755,passed,WorksoftCertifyAgent,01-12-2026 02:49,WorksoftCertifyAgent,01-12-2026 02:57
RT_TC_225049,"RT_TC_225049 - January 12, 2026 02:41:18",01-12-2026 02:41,01-12-2026 02:48,414.389,passed,WorksoftCertifyAgent,01-12-2026 02:42,WorksoftCertifyAgent,01-12-2026 02:48
RT_TC_225048,"RT_TC_225048 - January 12, 2026 02:32:56",01-12-2026 02:33,01-12-2026 02:40,418.8726,passed,WorksoftCertifyAgent,01-12-2026 02:33,WorksoftCertifyAgent,01-12-2026 02:41
RT_TC_225047,"RT_TC_225047 - January 11, 2026 16:40:32",01-11-2026 16:40,01-11-2026 16:41,65.5537,failed,WorksoftCertifyAgent,01-11-2026 16:41,WorksoftCertifyAgent,01-11-2026 16:42
RT_TC_225047,"RT_TC_225047 - January 11, 2026 16:42:36",01-11-2026 16:42,01-11-2026 16:43,65.3854,failed,WorksoftCertifyAgent,01-11-2026 16:43,WorksoftCertifyAgent,01-11-2026 16:44
RT_TC_225046,"RT_TC_225046 - January 13, 2026 13:30:32",1/13/2026 13:30:49,1/13/2026 13:32:47,117.9163,passed,WorksoftCertifyAgent,1/13/2026 13:31:00,WorksoftCertifyAgent,1/13/2026 13:33:00
RT_TC_225046,"RT_TC_225046 - January 11, 2026 14:24:12",01-11-2026 14:24,01-11-2026 14:25,64.6978,failed,WorksoftCertifyAgent,01-11-2026 14:24,WorksoftCertifyAgent,01-11-2026 14:26
RT_TC_225046,"RT_TC_225046 - January 11, 2026 14:26:37",01-11-2026 14:26,01-11-2026 14:27,62.8916,failed,WorksoftCertifyAgent,01-11-2026 14:27,WorksoftCertifyAgent,01-11-2026 14:28
RT_TC_225037_41_45,"RT_TC_225037_41_45 - January 12, 2026 00:54:47",01-12-2026 00:55,01-12-2026 00:56,64.7028,failed,WorksoftCertifyAgent,01-12-2026 00:55,WorksoftCertifyAgent,01-12-2026 00:56
RT_TC_225037_41_45,"RT_TC_225037_41_45 - January 12, 2026 00:57:05",01-12-2026 00:57,01-12-2026 00:58,65.3886,failed,WorksoftCertifyAgent,01-12-2026 00:57,WorksoftCertifyAgent,01-12-2026 00:58
RT_TC_225036_40_44,"RT_TC_225036_40_44 - January 12, 2026 00:47:54",01-12-2026 00:48,01-12-2026 00:54,359.1301,passed,WorksoftCertifyAgent,01-12-2026 00:48,WorksoftCertifyAgent,01-12-2026 00:54
RT_TC_225035_39_43,"RT_TC_225035_39_43 - January 12, 2026 00:41:15",01-12-2026 00:41,01-12-2026 00:47,347.0059,passed,WorksoftCertifyAgent,01-12-2026 00:42,WorksoftCertifyAgent,01-12-2026 00:47
RT_TC_225034_38_42,"RT_TC_225034_38_42 - January 12, 2026 00:30:54",01-12-2026 00:31,01-12-2026 00:39,468.9885,passed,WorksoftCertifyAgent,01-12-2026 00:31,WorksoftCertifyAgent,01-12-2026 00:39
RT_TC_225029_225033,"RT_TC_225029_225033 - January 11, 2026 16:47:05",01-11-2026 16:47,01-11-2026 16:48,65.5485,failed,WorksoftCertifyAgent,01-11-2026 16:47,WorksoftCertifyAgent,01-11-2026 16:48
RT_TC_225029_225033,"RT_TC_225029_225033 - January 11, 2026 16:49:06",01-11-2026 16:49,01-11-2026 16:50,65.1373,failed,WorksoftCertifyAgent,01-11-2026 16:49,WorksoftCertifyAgent,01-11-2026 16:50
RT_TC_225028_225032,"RT_TC_225028_225032 - January 11, 2026 16:39:00",01-11-2026 16:39,01-11-2026 16:44,302.3712,passed,WorksoftCertifyAgent,01-11-2026 16:39,WorksoftCertifyAgent,01-11-2026 16:44
RT_TC_225027_225031,"RT_TC_225027_225031 - January 11, 2026 16:33:05",01-11-2026 16:33,01-11-2026 16:38,302.9077,passed,WorksoftCertifyAgent,01-11-2026 16:33,WorksoftCertifyAgent,01-11-2026 16:38
RT_TC_225026_225030,"RT_TC_225026_225030 - January 11, 2026 16:26:59",01-11-2026 16:27,01-11-2026 16:32,312.4952,passed,WorksoftCertifyAgent,01-11-2026 16:27,WorksoftCertifyAgent,01-11-2026 16:32
RT_TC_225025,"RT_TC_225025 - January 11, 2026 16:12:05",01-11-2026 16:12,01-11-2026 16:18,377.607,failed,WorksoftCertifyAgent,01-11-2026 16:12,WorksoftCertifyAgent,01-11-2026 16:19
RT_TC_225025,"RT_TC_225025 - January 11, 2026 16:19:36",01-11-2026 16:19,01-11-2026 16:26,389.682,failed,WorksoftCertifyAgent,01-11-2026 16:20,WorksoftCertifyAgent,01-11-2026 16:26
RT_TC_225024,"RT_TC_225024 - January 11, 2026 15:57:07",01-11-2026 15:57,01-11-2026 16:03,393.9825,failed,WorksoftCertifyAgent,01-11-2026 15:57,WorksoftCertifyAgent,01-11-2026 16:04
RT_TC_225024,"RT_TC_225024 - January 11, 2026 16:04:37",01-11-2026 16:04,01-11-2026 16:11,395.0104,failed,WorksoftCertifyAgent,01-11-2026 16:05,WorksoftCertifyAgent,01-11-2026 16:11
RT_TC_225023,"RT_TC_225023 - January 11, 2026 15:40:36",01-11-2026 15:40,01-11-2026 15:48,435.419,failed,WorksoftCertifyAgent,01-11-2026 15:41,WorksoftCertifyAgent,01-11-2026 15:48
RT_TC_225023,"RT_TC_225023 - January 11, 2026 15:49:06",01-11-2026 15:49,01-11-2026 15:56,428.9567,failed,WorksoftCertifyAgent,01-11-2026 15:49,WorksoftCertifyAgent,01-11-2026 15:57
RT_TC_225021_225022,"RT_TC_225021_225022 - January 11, 2026 16:36:26",01-11-2026 16:36,01-11-2026 16:37,63.4096,failed,WorksoftCertifyAgent,01-11-2026 16:37,WorksoftCertifyAgent,01-11-2026 16:38
RT_TC_225021_225022,"RT_TC_225021_225022 - January 11, 2026 16:38:36",01-11-2026 16:38,01-11-2026 16:39,62.8883,failed,WorksoftCertifyAgent,01-11-2026 16:39,WorksoftCertifyAgent,01-11-2026 16:40
RT_TC_225019_225020,"RT_TC_225019_225020 - January 11, 2026 16:31:17",01-11-2026 16:31,01-11-2026 16:35,254.3148,passed,WorksoftCertifyAgent,01-11-2026 16:32,WorksoftCertifyAgent,01-11-2026 16:36
RT_TC_225017_225018,"RT_TC_225017_225018 - January 11, 2026 16:26:11",01-11-2026 16:26,01-11-2026 16:30,252.8333,passed,WorksoftCertifyAgent,01-11-2026 16:26,WorksoftCertifyAgent,01-11-2026 16:31
RT_TC_225015_225016_347002,"RT_TC_225015_225016_347002 - January 11, 2026 16:20:51",01-11-2026 16:21,01-11-2026 16:25,267.549,passed,WorksoftCertifyAgent,01-11-2026 16:21,WorksoftCertifyAgent,01-11-2026 16:26
RT_TC_225009,"RT_TC_225009 - January 12, 2026 00:32:34",01-12-2026 00:32,01-12-2026 00:50,1050.7122,passed,WorksoftCertifyAgent,01-12-2026 00:33,WorksoftCertifyAgent,01-12-2026 00:50
RT_TC_225007_225008_230009,"RT_TC_225007_225008_230009 - January 12, 2026 00:23:56",01-12-2026 00:24,01-12-2026 00:31,465.7547,passed,WorksoftCertifyAgent,01-12-2026 00:24,WorksoftCertifyAgent,01-12-2026 00:32
RT_TC_225001,"RT_TC_225001 - January 11, 2026 13:21:53",01-11-2026 13:22,01-11-2026 13:32,617.6471,passed,WorksoftCertifyAgent,01-11-2026 13:22,WorksoftCertifyAgent,01-11-2026 13:32
RT_TC_223007,"RT_TC_223007 - January 15, 2026 02:27:49",1/15/2026 2:28:06,1/15/2026 2:32:43,276.7856,passed,WorksoftCertifyAgent,1/15/2026 2:28:00,WorksoftCertifyAgent,1/15/2026 2:33:00
RT_TC_223006,"RT_TC_223006 - January 11, 2026 14:18:32",01-11-2026 14:18,01-11-2026 14:23,286.297,passed,WorksoftCertifyAgent,01-11-2026 14:19,WorksoftCertifyAgent,01-11-2026 14:24
RT_TC_223005,"RT_TC_223005 - January 13, 2026 13:27:59",1/13/2026 13:28:17,1/13/2026 13:29:54,97.0896,failed,WorksoftCertifyAgent,1/13/2026 13:28:00,WorksoftCertifyAgent,1/13/2026 13:30:00
RT_TC_223005,"RT_TC_223005 - January 11, 2026 14:14:14",01-11-2026 14:14,01-11-2026 14:15,65.69,failed,WorksoftCertifyAgent,01-11-2026 14:15,WorksoftCertifyAgent,01-11-2026 14:16
RT_TC_223005,"RT_TC_223005 - January 11, 2026 14:16:36",01-11-2026 14:16,01-11-2026 14:17,62.8854,failed,WorksoftCertifyAgent,01-11-2026 14:17,WorksoftCertifyAgent,01-11-2026 14:18
RT_TC_222055,"RT_TC_222055 - January 11, 2026 20:47:30",01-11-2026 20:47,01-11-2026 20:49,119.2757,failed,WorksoftCertifyAgent,01-11-2026 20:48,WorksoftCertifyAgent,01-11-2026 20:50
RT_TC_222055,"RT_TC_222055 - January 11, 2026 20:50:35",01-11-2026 20:50,01-11-2026 20:52,120.4521,failed,WorksoftCertifyAgent,01-11-2026 20:51,WorksoftCertifyAgent,01-11-2026 20:53
RT_TC_222055,"RT_TC_222055 - January 13, 2026 14:50:02",1/13/2026 14:50:19,1/13/2026 14:52:19,119.1856,passed,WorksoftCertifyAgent,1/13/2026 14:50:00,WorksoftCertifyAgent,1/13/2026 14:52:00
RT_TC_222054,"RT_TC_222054 - January 11, 2026 20:41:29",01-11-2026 20:41,01-11-2026 20:43,117.9889,failed,WorksoftCertifyAgent,01-11-2026 20:42,WorksoftCertifyAgent,01-11-2026 20:44
RT_TC_222054,"RT_TC_222054 - January 11, 2026 20:44:35",01-11-2026 20:44,01-11-2026 20:46,120.1493,failed,WorksoftCertifyAgent,01-11-2026 20:45,WorksoftCertifyAgent,01-11-2026 20:47
RT_TC_222054,"RT_TC_222054 - January 13, 2026 14:47:07",1/13/2026 14:47:25,1/13/2026 14:49:26,120.7706,passed,WorksoftCertifyAgent,1/13/2026 14:47:00,WorksoftCertifyAgent,1/13/2026 14:49:00
RT_TC_222053,"RT_TC_222053 - January 11, 2026 20:35:41",01-11-2026 20:35,01-11-2026 20:37,117.8572,failed,WorksoftCertifyAgent,01-11-2026 20:36,WorksoftCertifyAgent,01-11-2026 20:38
RT_TC_222053,"RT_TC_222053 - January 11, 2026 20:38:34",01-11-2026 20:38,01-11-2026 20:40,120.2574,failed,WorksoftCertifyAgent,01-11-2026 20:39,WorksoftCertifyAgent,01-11-2026 20:41
RT_TC_222053,"RT_TC_222053 - January 13, 2026 14:44:15",1/13/2026 14:44:32,1/13/2026 14:46:30,117.3239,passed,WorksoftCertifyAgent,1/13/2026 14:45:00,WorksoftCertifyAgent,1/13/2026 14:47:00
RT_TC_222052,"RT_TC_222052 - January 11, 2026 15:34:52",01-11-2026 15:35,01-11-2026 15:40,291.5185,passed,WorksoftCertifyAgent,01-11-2026 15:35,WorksoftCertifyAgent,01-11-2026 15:40
RT_TC_222051,"RT_TC_222051 - January 11, 2026 16:53:34",01-11-2026 16:53,01-11-2026 16:58,290.2202,passed,WorksoftCertifyAgent,01-11-2026 16:54,WorksoftCertifyAgent,01-11-2026 16:59
RT_TC_222050_226075,"RT_TC_222050_226075 - January 11, 2026 16:47:21",01-11-2026 16:47,01-11-2026 16:52,319.3277,passed,WorksoftCertifyAgent,01-11-2026 16:48,WorksoftCertifyAgent,01-11-2026 16:53
RT_TC_222004,"RT_TC_222004 - January 12, 2026 03:56:54",01-12-2026 03:57,01-12-2026 03:58,65.5249,failed,WorksoftCertifyAgent,01-12-2026 03:57,WorksoftCertifyAgent,01-12-2026 03:58
RT_TC_222004,"RT_TC_222004 - January 12, 2026 03:59:06",01-12-2026 03:59,01-12-2026 04:00,66.2563,failed,WorksoftCertifyAgent,01-12-2026 03:59,WorksoftCertifyAgent,01-12-2026 04:00
RT_TC_221004_222056,"RT_TC_221004_222056 - January 12, 2026 02:31:18",01-12-2026 02:31,01-12-2026 02:37,374.8372,passed,WorksoftCertifyAgent,01-12-2026 02:32,WorksoftCertifyAgent,01-12-2026 02:38
RT_TC_216022_234209_243167,"RT_TC_216022_234209_243167 - January 16, 2026 16:10:22",1/16/2026 16:10:38,1/16/2026 16:37:17,1598.897,failed,WorksoftCertifyAgent,1/16/2026 16:11:00,WorksoftCertifyAgent,1/16/2026 16:37:00
RT_TC_212038,"RT_TC_212038 - January 12, 2026 02:57:36",01-12-2026 02:57,01-12-2026 03:47,2954.8631,passed,WorksoftCertifyAgent,01-12-2026 02:58,WorksoftCertifyAgent,01-12-2026 03:47
RT_TC_188008_09,"RT_TC_188008_09 - January 11, 2026 15:34:54",01-11-2026 15:35,01-11-2026 15:39,262.7423,passed,WorksoftCertifyAgent,01-11-2026 15:35,WorksoftCertifyAgent,01-11-2026 15:40
RT_TC_188006_07,"RT_TC_188006_07 - January 11, 2026 15:19:08",01-11-2026 15:19,01-11-2026 15:26,402.4436,failed,WorksoftCertifyAgent,01-11-2026 15:19,WorksoftCertifyAgent,01-11-2026 15:26
RT_TC_188006_07,"RT_TC_188006_07 - January 11, 2026 15:27:07",01-11-2026 15:27,01-11-2026 15:34,414.3235,passed,WorksoftCertifyAgent,01-11-2026 15:27,WorksoftCertifyAgent,01-11-2026 15:34
RT_TC_187062_63,"RT_TC_187062_63 - January 11, 2026 19:03:02",01-11-2026 19:03,01-11-2026 19:04,62.8416,failed,WorksoftCertifyAgent,01-11-2026 19:03,WorksoftCertifyAgent,01-11-2026 19:04
RT_TC_187062_63,"RT_TC_187062_63 - January 11, 2026 19:05:04",01-11-2026 19:05,01-11-2026 19:06,63.3609,failed,WorksoftCertifyAgent,01-11-2026 19:05,WorksoftCertifyAgent,01-11-2026 19:06
RT_TC_187060_61,"RT_TC_187060_61 - January 11, 2026 18:59:06",01-11-2026 18:59,01-11-2026 19:00,63.5303,failed,WorksoftCertifyAgent,01-11-2026 18:59,WorksoftCertifyAgent,01-11-2026 19:00
RT_TC_187060_61,"RT_TC_187060_61 - January 11, 2026 19:01:05",01-11-2026 19:01,01-11-2026 19:02,62.9092,failed,WorksoftCertifyAgent,01-11-2026 19:01,WorksoftCertifyAgent,01-11-2026 19:02
RT_TC_187054,"RT_TC_187054 - January 11, 2026 15:43:55",01-11-2026 15:44,01-11-2026 15:54,619.7047,passed,WorksoftCertifyAgent,01-11-2026 15:44,WorksoftCertifyAgent,01-11-2026 15:55
RT_TC_187053,"RT_TC_187053 - January 11, 2026 15:31:52",01-11-2026 15:32,01-11-2026 15:43,669.2517,passed,WorksoftCertifyAgent,01-11-2026 15:32,WorksoftCertifyAgent,01-11-2026 15:43
RT_TC_187005,"RT_TC_187005 - January 11, 2026 15:20:49",01-11-2026 15:21,01-11-2026 15:31,607.0891,passed,WorksoftCertifyAgent,01-11-2026 15:21,WorksoftCertifyAgent,01-11-2026 15:31
RT_TC_187003,"RT_TC_187003 - January 12, 2026 00:19:42",01-12-2026 00:19,01-12-2026 00:24,271.0024,failed,WorksoftCertifyAgent,01-12-2026 00:20,WorksoftCertifyAgent,01-12-2026 00:25
RT_TC_187003,"RT_TC_187003 - January 12, 2026 00:25:35",01-12-2026 00:25,01-12-2026 00:30,263.1905,failed,WorksoftCertifyAgent,01-12-2026 00:26,WorksoftCertifyAgent,01-12-2026 00:30
RT_TC_186093_186140,"RT_TC_186093_186140 - January 11, 2026 13:33:03",01-11-2026 13:33,01-11-2026 14:10,2240.7112,passed,WorksoftCertifyAgent,01-11-2026 13:33,WorksoftCertifyAgent,01-11-2026 14:11
RT_TC_186036,"RT_TC_186036 - January 13, 2026 13:01:59",1/13/2026 13:02:15,1/13/2026 13:06:57,281.8946,failed,WorksoftCertifyAgent,1/13/2026 13:02:00,WorksoftCertifyAgent,1/13/2026 13:07:00
RT_TC_186036,"RT_TC_186036 - January 14, 2026 11:24:10",1/14/2026 11:24:27,1/14/2026 11:27:51,203.6505,failed,WorksoftCertifyAgent,1/14/2026 11:24:00,WorksoftCertifyAgent,1/14/2026 11:28:00
RT_TC_186036,"RT_TC_186036 - January 14, 2026 12:36:45",1/14/2026 12:37:01,1/14/2026 13:08:56,1914.5219,passed,WorksoftCertifyAgent,1/14/2026 12:37:00,WorksoftCertifyAgent,1/14/2026 13:09:00
RT_TC_186036,"RT_TC_186036 - January 11, 2026 13:16:23",01-11-2026 13:16,01-11-2026 13:23,410.2008,failed,WorksoftCertifyAgent,01-11-2026 13:17,WorksoftCertifyAgent,01-11-2026 13:23
RT_TC_186036,"RT_TC_186036 - January 11, 2026 13:24:06",01-11-2026 13:24,01-11-2026 13:31,412.8805,failed,WorksoftCertifyAgent,01-11-2026 13:24,WorksoftCertifyAgent,01-11-2026 13:31
RT_TC_184715,"RT_TC_184715 - January 11, 2026 23:30:46",01-11-2026 23:31,01-11-2026 23:33,150.5065,failed,WorksoftCertifyAgent,01-11-2026 23:31,WorksoftCertifyAgent,01-11-2026 23:34
RT_TC_184715,"RT_TC_184715 - January 11, 2026 23:34:36",01-11-2026 23:34,01-11-2026 23:37,149.3948,failed,WorksoftCertifyAgent,01-11-2026 23:35,WorksoftCertifyAgent,01-11-2026 23:37
RT_TC_184714,"RT_TC_184714 - January 12, 2026 00:42:00",01-12-2026 00:42,01-12-2026 00:47,333.9925,failed,WorksoftCertifyAgent,01-12-2026 00:42,WorksoftCertifyAgent,01-12-2026 00:48
RT_TC_184714,"RT_TC_184714 - January 12, 2026 00:48:35",01-12-2026 00:48,01-12-2026 00:54,337.0398,failed,WorksoftCertifyAgent,01-12-2026 00:49,WorksoftCertifyAgent,01-12-2026 00:54
RT_TC_184713,"RT_TC_184713 - January 11, 2026 13:51:44",01-11-2026 13:52,01-11-2026 14:05,811.5312,passed,WorksoftCertifyAgent,01-11-2026 13:52,WorksoftCertifyAgent,01-11-2026 14:06
RT_TC_183014,"RT_TC_183014 - January 11, 2026 19:09:07",01-11-2026 19:09,01-11-2026 19:19,595.4479,failed,WorksoftCertifyAgent,01-11-2026 19:09,WorksoftCertifyAgent,01-11-2026 19:19
RT_TC_183014,"RT_TC_183014 - January 11, 2026 19:20:04",01-11-2026 19:20,01-11-2026 19:30,595.7675,failed,WorksoftCertifyAgent,01-11-2026 19:20,WorksoftCertifyAgent,01-11-2026 19:30
RT_TC_183013,"RT_TC_183013 - January 11, 2026 18:46:31",01-11-2026 18:46,01-11-2026 18:56,593.0482,failed,WorksoftCertifyAgent,01-11-2026 18:47,WorksoftCertifyAgent,01-11-2026 18:57
RT_TC_183013,"RT_TC_183013 - January 11, 2026 18:58:05",01-11-2026 18:58,01-11-2026 19:08,607.7792,failed,WorksoftCertifyAgent,01-11-2026 18:58,WorksoftCertifyAgent,01-11-2026 19:09
RT_TC_183012,"RT_TC_183012 - January 11, 2026 18:24:31",01-11-2026 18:24,01-11-2026 18:34,593.8299,failed,WorksoftCertifyAgent,01-11-2026 18:25,WorksoftCertifyAgent,01-11-2026 18:35
RT_TC_183012,"RT_TC_183012 - January 11, 2026 18:35:37",01-11-2026 18:35,01-11-2026 18:45,600.6059,failed,WorksoftCertifyAgent,01-11-2026 18:36,WorksoftCertifyAgent,01-11-2026 18:46
RT_TC_183011,"RT_TC_183011 - January 11, 2026 18:02:07",01-11-2026 18:02,01-11-2026 18:12,616.1982,failed,WorksoftCertifyAgent,01-11-2026 18:02,WorksoftCertifyAgent,01-11-2026 18:13
RT_TC_183011,"RT_TC_183011 - January 11, 2026 18:13:37",01-11-2026 18:13,01-11-2026 18:23,600.0243,failed,WorksoftCertifyAgent,01-11-2026 18:14,WorksoftCertifyAgent,01-11-2026 18:24
RT_TC_183011,"RT_TC_183011 - January 11, 2026 21:52:35",01-11-2026 21:52,01-11-2026 22:02,596.0336,failed,WorksoftCertifyAgent,01-11-2026 21:53,WorksoftCertifyAgent,01-11-2026 22:03
RT_TC_183011,"RT_TC_183011 - January 11, 2026 22:03:35",01-11-2026 22:03,01-11-2026 22:13,587.6819,failed,WorksoftCertifyAgent,01-11-2026 22:04,WorksoftCertifyAgent,01-11-2026 22:14
RT_TC_183004,"RT_TC_183004 - January 11, 2026 11:49:28",01-11-2026 11:49,01-11-2026 11:55,332.3364,failed,WorksoftCertifyAgent,01-11-2026 11:50,WorksoftCertifyAgent,01-11-2026 11:55
RT_TC_183004,"RT_TC_183004 - January 13, 2026 12:17:16",1/13/2026 12:17:33,1/13/2026 12:30:53,800.1075,failed,WorksoftCertifyAgent,1/13/2026 12:18:00,WorksoftCertifyAgent,1/13/2026 12:31:00
RT_TC_183004,"RT_TC_183004 - January 11, 2026 11:56:06",01-11-2026 11:56,01-11-2026 12:01,327.7659,failed,WorksoftCertifyAgent,01-11-2026 11:56,WorksoftCertifyAgent,01-11-2026 12:02
RT_TC_183004,"RT_TC_183004 - January 14, 2026 11:10:11",1/14/2026 11:10:28,1/14/2026 11:23:32,784.2412,failed,WorksoftCertifyAgent,1/14/2026 11:10:00,WorksoftCertifyAgent,1/14/2026 11:24:00
RT_TC_183004,"RT_TC_183004 - January 14, 2026 12:29:11",1/14/2026 12:29:28,1/14/2026 12:36:07,399.3314,passed,WorksoftCertifyAgent,1/14/2026 12:29:00,WorksoftCertifyAgent,1/14/2026 12:36:00
RT_TC_183002,"RT_TC_183002 - January 11, 2026 15:06:49",01-11-2026 15:07,01-11-2026 15:17,632.6566,passed,WorksoftCertifyAgent,01-11-2026 15:07,WorksoftCertifyAgent,01-11-2026 15:18
RT_TC_182118_243221,"RT_TC_182118_243221 - January 11, 2026 14:51:26",01-11-2026 14:51,01-11-2026 15:06,868.8548,passed,WorksoftCertifyAgent,01-11-2026 14:52,WorksoftCertifyAgent,01-11-2026 15:06
RT_TC_182034,"RT_TC_182034 - January 11, 2026 17:07:48",01-11-2026 17:08,01-11-2026 17:27,1166.1866,passed,WorksoftCertifyAgent,01-11-2026 17:08,WorksoftCertifyAgent,01-11-2026 17:28
RT_TC_181224_338014_16,"RT_TC_181224_338014_16 - January 11, 2026 12:37:16",01-11-2026 12:37,01-11-2026 12:52,899.3209,passed,WorksoftCertifyAgent,01-11-2026 12:38,WorksoftCertifyAgent,01-11-2026 12:53
RT_TC_181222,"RT_TC_181222 - January 11, 2026 12:00:53",01-11-2026 12:01,01-11-2026 12:14,774.3594,failed,WorksoftCertifyAgent,01-11-2026 12:01,WorksoftCertifyAgent,01-11-2026 12:14
RT_TC_181222,"RT_TC_181222 - January 11, 2026 12:15:07",01-11-2026 12:15,01-11-2026 12:36,1275.6305,passed,WorksoftCertifyAgent,01-11-2026 12:15,WorksoftCertifyAgent,01-11-2026 12:37
RT_TC_178111,"RT_TC_178111 - January 11, 2026 12:03:44",01-11-2026 12:04,01-11-2026 12:14,648.4713,passed,WorksoftCertifyAgent,01-11-2026 12:04,WorksoftCertifyAgent,01-11-2026 12:15
RT_TC_176012,"RT_TC_176012 - January 11, 2026 16:37:31",01-11-2026 16:37,01-11-2026 16:41,238.8921,failed,WorksoftCertifyAgent,01-11-2026 16:38,WorksoftCertifyAgent,01-11-2026 16:42
RT_TC_176012,"RT_TC_176012 - January 11, 2026 16:42:35",01-11-2026 16:42,01-11-2026 16:46,232.7694,failed,WorksoftCertifyAgent,01-11-2026 16:43,WorksoftCertifyAgent,01-11-2026 16:47
RT_TC_176001,"RT_TC_176001 - January 12, 2026 05:18:13",01-12-2026 05:18,01-12-2026 05:21,160.4698,failed,WorksoftCertifyAgent,01-12-2026 05:19,WorksoftCertifyAgent,01-12-2026 05:21
RT_TC_176001,"RT_TC_176001 - January 12, 2026 05:22:06",01-12-2026 05:22,01-12-2026 05:25,161.2507,failed,WorksoftCertifyAgent,01-12-2026 05:22,WorksoftCertifyAgent,01-12-2026 05:25
RT_TC_175184,"RT_TC_175184 - January 12, 2026 00:21:46",01-12-2026 00:22,01-12-2026 00:41,1160.24,passed,WorksoftCertifyAgent,01-12-2026 00:22,WorksoftCertifyAgent,01-12-2026 00:41
RT_TC_173010,"RT_TC_173010 - January 11, 2026 12:08:53",01-11-2026 12:09,01-11-2026 12:22,798.5901,passed,WorksoftCertifyAgent,01-11-2026 12:09,WorksoftCertifyAgent,01-11-2026 12:22
RT_TC_173007,"RT_TC_173007 - January 11, 2026 11:51:35",01-11-2026 11:51,01-11-2026 12:08,983.1495,passed,WorksoftCertifyAgent,01-11-2026 11:52,WorksoftCertifyAgent,01-11-2026 12:08
RT_TC_142023,"RT_TC_142023 - January 11, 2026 14:11:15",01-11-2026 14:11,01-11-2026 14:23,742.1111,failed,WorksoftCertifyAgent,01-11-2026 14:12,WorksoftCertifyAgent,01-11-2026 14:24
RT_TC_142023,"RT_TC_142023 - January 11, 2026 14:24:35",01-11-2026 14:24,01-11-2026 14:37,737.8146,failed,WorksoftCertifyAgent,01-11-2026 14:25,WorksoftCertifyAgent,01-11-2026 14:37
RT_TC_134243,"RT_TC_134243 - January 16, 2026 13:07:34",1/16/2026 13:07:50,1/16/2026 13:34:46,1616.0633,failed,WorksoftCertifyAgent,1/16/2026 13:08:00,WorksoftCertifyAgent,1/16/2026 13:35:00
RT_TC_134223,"RT_TC_134223 - January 12, 2026 03:17:16",01-12-2026 03:17,01-12-2026 03:51,2037.8117,failed,WorksoftCertifyAgent,01-12-2026 03:18,WorksoftCertifyAgent,01-12-2026 03:52
RT_TC_134223,"RT_TC_134223 - January 12, 2026 03:52:36",01-12-2026 03:52,01-12-2026 04:26,2019.9879,failed,WorksoftCertifyAgent,01-12-2026 03:53,WorksoftCertifyAgent,01-12-2026 04:27
RT_TC_134205,"RT_TC_134205 - January 11, 2026 15:48:42",01-11-2026 15:48,01-11-2026 16:00,708.6531,passed,WorksoftCertifyAgent,01-11-2026 15:49,WorksoftCertifyAgent,01-11-2026 16:01
RT_TC_134166,"RT_TC_134166 - January 11, 2026 23:26:01",01-11-2026 23:26,01-11-2026 23:45,1167.2227,passed,WorksoftCertifyAgent,01-11-2026 23:26,WorksoftCertifyAgent,01-11-2026 23:46
RT_TC_134154,"RT_TC_134154 - January 11, 2026 20:07:05",01-11-2026 20:07,01-11-2026 20:17,612.6294,failed,WorksoftCertifyAgent,01-11-2026 20:07,WorksoftCertifyAgent,01-11-2026 20:18
RT_TC_134154,"RT_TC_134154 - January 11, 2026 20:18:34",01-11-2026 20:18,01-11-2026 20:29,639.9918,failed,WorksoftCertifyAgent,01-11-2026 20:19,WorksoftCertifyAgent,01-11-2026 20:30
RT_TC_129199_243278,"RT_TC_129199_243278 - January 11, 2026 14:50:00",01-11-2026 14:50,01-11-2026 14:57,450.3219,failed,WorksoftCertifyAgent,01-11-2026 14:50,WorksoftCertifyAgent,01-11-2026 14:58
RT_TC_129199_243278,"RT_TC_129199_243278 - January 11, 2026 14:58:35",01-11-2026 14:58,01-11-2026 15:06,452.6424,failed,WorksoftCertifyAgent,01-11-2026 14:59,WorksoftCertifyAgent,01-11-2026 15:06
RT_TC_129198,"RT_TC_129198 - January 11, 2026 15:28:06",01-11-2026 15:28,01-11-2026 15:43,895.5462,failed,WorksoftCertifyAgent,01-11-2026 15:28,WorksoftCertifyAgent,01-11-2026 15:43
RT_TC_129198,"RT_TC_129198 - January 11, 2026 15:11:48",01-11-2026 15:12,01-11-2026 15:27,904.9039,failed,WorksoftCertifyAgent,01-11-2026 15:12,WorksoftCertifyAgent,01-11-2026 15:27
RT_TC_128058,"RT_TC_128058 - January 11, 2026 11:50:34",01-11-2026 11:50,01-11-2026 12:00,565.6593,passed,WorksoftCertifyAgent,01-11-2026 11:51,WorksoftCertifyAgent,01-11-2026 12:00
RT_TC_127020,"RT_TC_127020 - January 12, 2026 03:47:47",01-12-2026 03:48,01-12-2026 03:56,494.147,passed,WorksoftCertifyAgent,01-12-2026 03:48,WorksoftCertifyAgent,01-12-2026 03:56
